Building IRN,Building Name,District IRN,District Name,County,Region,Address,City and Zip Code,Phone #,9,Performance Index Score 2016-17,Performance Index Percent 2016-17,Letter Grade of Performance Index,Percent of Students Not Tested,Percent of Students Below,Percent of Students Basic,Percent of Students Proficient,Percent of Students Accelerated,Percent of Students Advanced,Percent of Students Advanced Plus,Gifted Performance Index Score 2016-17,Gifted Performance Index 2016-17,Percent of Gifted Students Not Tested,Percent of Gifted Students Below,Percent of Gifted Students Basic,Percent of Gifted Students Proficient,Percent of Gifted Students Accelerated,Percent of Gifted Students Advanced,Percent of Gifted Students Advanced Plus,Performance Index Score 2015-16,Performance Index Score 2014-15,Watermark,,
000138,Pathway School of Discovery,000138,Pathway School of Discovery,Montgomery,Region 10,173 Avondale Dr,"Dayton, OH, 45404-2123",(937) 235-5498,Keith B. Colbert,79.490,66.2,D,0.0,23.5,20.2,26.5,19.3,10.4,0.0,0.000,0.0,0.0,0.0,0.0,0.0,0.0,0.0,0.0,74.690,82.389,,,000138
000139,Alliance Academy of Cincinnati,000139,Alliance Academy of Cincinnati,Hamilton,Region 13,1712 Duck Creek Rd,"Cincinnati, OH, 45207-1644",(513) 751-5555,Elizabeth L. King,64.585,53.8,D,0.0,36.1,29.7,20.8,9.5,3.8,0.0,0.000,0.0,0.0,0.0,0.0,0.0,0.0,0.0,0.0,56.718,76.309,,,000139
000222,Wildwood Environmental Academy,000222,Wildwood Environmental Academy,Lucas,Region 1,1546 Dartford Rd,"Maumee, OH, 43537-1374",(419) 868-9885,Elizabeth A. Lewin,74.046,61.7,D,0.2,28.6,22.9,23.9,14.5,9.9,0.0,0.000,0.0,0.0,0.0,0.0,0.0,0.0,0.0,0.0,74.092,80.319,,,000222
000236,"Ohio Connections Academy, Inc",000236,"Ohio Connections Academy, Inc",Cuyahoga,Region 11,3740 Euclid Ave Ste 101,"Cleveland, OH, 44115-2229",(513) 486-9120,,77.619,64.7,D,1.6,22.3,21.8,27.7,17.6,9.0,0.0,0.000,0.0,0.0,0.0,0.0,0.0,0.0,0.0,0.0,80.331,87.464,,,000236
000241,Quaker Digital Academy,044487,New Philadelphia City,Tuscarawas,Region 12,248 Front Ave SW,"New Philadelphia, OH, 44663-2150",(330) 364-0618,Stephen C. Eckert,65.397,54.5,D,5.5,31.1,24.4,20.9,12.2,5.9,0.0,0.000,0.0,0.0,0.0,0.0,0.0,0.0,0.0,0.0,NC,NC,,,000241
000296,Summit Academy Community School-Columbus,000296,Summit Academy Community School-Columbus,Franklin,Region 11,2521 Fairwood Ave Ste 100,"Columbus, OH, 43207-2712",(614) 237-5497,Cheryl L. Elliott,56.000,46.7,F,0.0,58.3,13.3,15.0,5.0,8.3,0.0,0.000,0.0,0.0,0.0,0.0,0.0,0.0,0.0,0.0,53.188,58.700,,,000296
000297,Summit Academy Community School - Dayton,000297,Summit Academy Community School - Dayton,Montgomery,Region 10,4128 Cedar Ridge Rd,"Dayton, OH, 45414-3908",(937) 278-4298,Megan E. Fagan,55.891,46.6,F,0.4,51.6,22.9,14.0,7.4,3.9,0.0,0.000,0.0,0.0,0.0,0.0,0.0,0.0,0.0,0.0,52.684,62.679,,,000297
000298,Summit Academy Secondary - Akron,000298,Summit Academy Secondary - Akron,Summit,Region 8,464 S Hawkins Ave,"Akron, OH, 44320-1228",(330) 434-2343,Ralph E. Grant,61.400,51.2,D,0.0,37.0,35.0,17.0,9.0,2.0,0.0,0.000,0.0,0.0,0.0,0.0,0.0,0.0,0.0,0.0,49.706,54.762,,,000298
000300,Summit Academy Secondary - Canton,000300,Summit Academy Secondary - Canton,Stark,Region 9,2400 Cleveland Ave NW,"Canton, OH, 44709-3613",(330) 453-8547,Lisa M. Cook,45.747,38.1,F,5.7,54.0,27.6,9.2,3.4,0.0,0.0,0.000,0.0,0.0,0.0,0.0,0.0,0.0,0.0,0.0,53.289,70.128,,,000300
000301,Summit Academy Secondary - Lorain,000301,Summit Academy Secondary - Lorain,Lorain,Region 2,301 Collingwood Blvd,"Toledo, OH, 43604-2134",(419) 243-1815,,42.963,35.8,F,5.6,61.1,22.2,9.3,1.9,0.0,0.0,0.000,0.0,0.0,0.0,0.0,0.0,0.0,0.0,0.0,48.068,62.632,,,000301
000302,Summit Academy Community School-Parma,000302,Summit Academy Community School-Parma,Cuyahoga,Region 3,5868 Stumph Rd,"Parma, OH, 44130-1736",(440) 888-5407,Charlotte A. Ray,62.196,51.8,D,0.0,42.1,25.8,17.5,8.9,5.6,0.0,0.000,0.0,0.0,0.0,0.0,0.0,0.0,0.0,0.0,58.053,64.522,,,000302
000303,Summit Academy Secondary - Youngstown,000303,Summit Academy Secondary - Youngstown,Mahoning,Region 5,2800 Shady Run Rd,"Youngstown, OH, 44502-2770",(234) 228-8235,Kevin L. Sheely,43.974,36.6,F,2.2,69.9,14.0,9.2,3.1,1.7,0.0,0.000,0.0,0.0,0.0,0.0,0.0,0.0,0.0,0.0,48.194,51.930,,,000303
000304,Summit Academy Community School-Toledo,000304,Summit Academy Community School-Toledo,Lucas,Region 1,1853 South Ave,"Toledo, OH, 43609-2086",(419) 385-5730,Julie A. Kadri,55.414,46.2,F,0.0,58.6,14.3,12.8,6.8,7.5,0.0,0.000,0.0,0.0,0.0,0.0,0.0,0.0,0.0,0.0,49.573,55.106,,,000304
000305,Summit Academy Community School-Warren,000305,Summit Academy Community School-Warren,Trumbull,Region 5,2106 Arbor Ave SE,"Warren, OH, 44484-5225",(330) 369-4233,Allison R. Glass,57.744,48.1,F,0.0,50.3,21.0,19.0,6.2,3.6,0.0,0.000,0.0,0.0,0.0,0.0,0.0,0.0,0.0,0.0,57.072,53.404,,,000305
000306,Summit Academy Community School - Cincinnati,000306,Summit Academy Community School - Cincinnati,Hamilton,Region 13,1660 Sternblock Ln,"Cincinnati, OH, 45237-3805",(513) 321-0561,Donna J. Fields,53.503,44.6,F,0.0,58.4,17.8,12.7,7.6,3.6,0.0,0.000,0.0,0.0,0.0,0.0,0.0,0.0,0.0,0.0,51.304,55.115,,,000306
000311,Bridges Community Academy,000311,Bridges Community Academy,Seneca,Region 7,190 St Francis Ave,"Tiffin, OH, 44883-3475",(419) 455-9295,Catherine M. Smith,55.809,46.5,F,0.0,51.5,23.2,15.4,8.7,1.2,0.0,NC,NC,0.0,0.0,100.0,0.0,0.0,0.0,0.0,61.775,67.278,,,000311
000316,Constellation Schools: Westpark Community Middle,000316,Constellation Schools: Westpark Community Middle,Cuyahoga,Region 3,5730 Broadview Rd,"Parma, OH, 44134-1602",(216) 251-7200,Mindy D. Kidd,78.692,65.6,D,0.2,21.3,23.9,29.1,17.2,8.3,0.0,0.000,0.0,0.0,0.0,0.0,0.0,0.0,0.0,0.0,72.605,77.195,,,000316
000318,Menlo Park Academy,043786,Cleveland Municipal,Cuyahoga,Region 3,14440 Triskett Rd,"Cleveland, OH, 44111-2263",(440) 925-6365,,106.422,88.7,B,0.0,1.9,8.5,19.9,32.2,32.5,4.9,106.422,88.7,0.0,1.9,8.5,19.9,32.2,32.5,4.9,110.760,100.920,,,000318
000319,Constellation Schools: Madison Community Elementary,000319,Constellation Schools: Madison Community Elementary,Cuyahoga,Region 3,2015 W 95th St,"Cleveland, OH, 44102-3727",(216) 651-5212,Louis A. Marconi,57.856,48.2,F,0.0,46.8,26.3,17.7,7.0,2.2,0.0,0.000,0.0,0.0,0.0,0.0,0.0,0.0,0.0,0.0,53.874,70.390,,,000319
000320,Constellation Schools: Lorain Community Middle,000320,Constellation Schools: Lorain Community Middle,Lorain,Region 2,5730 Broadview Rd,"Parma, OH, 44134-1602",(440) 242-2023,Melisa R. Shady,69.393,57.8,D,0.0,30.4,27.5,28.4,11.2,2.6,0.0,0.000,0.0,0.0,0.0,0.0,0.0,0.0,0.0,0.0,65.591,85.818,,,000320
000321,Constellation Schools: Old Brooklyn Community Middle,000321,Constellation Schools: Old Brooklyn Community Middle,Cuyahoga,Region 3,5730 Broadview Rd,"Parma, OH, 44134-1602",(216) 351-0280,Cherie Kaiser,81.495,67.9,D,0.0,19.9,23.1,27.1,14.8,13.6,1.5,0.000,0.0,0.0,0.0,0.0,0.0,0.0,0.0,0.0,77.643,90.940,,,000321
000338,Horizon Science Academy Toledo,000338,Horizon Science Academy Toledo,Lucas,Region 1,2600 W Sylvania Ave,"Toledo, OH, 43613-4300",(419) 474-3350,AYDIN KARA,53.321,44.4,F,0.1,53.6,24.6,15.6,4.6,1.6,0.0,0.000,0.0,0.0,0.0,0.0,0.0,0.0,0.0,0.0,50.884,69.069,,,000338
000396,Mansfield Elective Academy,012931,Office of School Sponsorship,Franklin,Region 7,215 N Trimble Rd,"Mansfield, OH, 44906-2630",(567) 247-4475,David W. Shirley,46.531,38.8,F,0.0,65.3,20.4,10.2,4.1,0.0,0.0,0.000,0.0,0.0,0.0,0.0,0.0,0.0,0.0,0.0,42.157,49.268,,,000396
000417,Buckeye On-Line School for Success,000417,Buckeye On-Line School for Success,Columbiana,Region 9,119 E Fifth St,"East Liverpool, OH, 43920-3030",(330) 385-1987,,64.689,53.9,D,4.2,33.5,24.5,21.6,10.5,5.6,0.0,NC,NC,0.0,0.0,0.0,16.7,33.3,50.0,0.0,64.095,69.445,,,000417
000509,Whitehall Preparatory and Fitness Academy,000509,Whitehall Preparatory and Fitness Academy,Franklin,Region 11,3474 E Livingston Ave,"Columbus, OH, 43227-2279",(614) 324-4585,Matthew T. Dolan,59.759,49.8,F,0.0,42.7,28.7,19.9,6.6,2.2,0.0,0.000,0.0,0.0,0.0,0.0,0.0,0.0,0.0,0.0,53.160,74.649,,,000509
000510,Springfield Preparatory and Fitness Academy,000510,Springfield Preparatory and Fitness Academy,Clark,Region 10,1615 Selma Rd,"Springfield, OH, 45505-4245",(937) 323-6250,Darren T. Fansler,68.480,57.1,D,0.0,28.8,34.0,19.2,13.6,4.4,0.0,0.000,0.0,0.0,0.0,0.0,0.0,0.0,0.0,0.0,65.854,85.461,,,000510
000511,Northland Preparatory and Fitness Academy,000511,Northland Preparatory and Fitness Academy,Franklin,Region 11,1875 Morse Rd,"Columbus, OH, 43229-6603",(614) 318-0600,Lynn G. Hursey,54.242,45.2,F,0.0,51.5,26.8,13.9,5.6,2.3,0.0,0.000,0.0,0.0,0.0,0.0,0.0,0.0,0.0,0.0,57.285,71.834,,,000511
000534,Constellation Schools: Puritas Community Middle,000534,Constellation Schools: Puritas Community Middle,Cuyahoga,Region 3,5730 Broadview Rd,"Parma, OH, 44134-1602",(216) 688-0680,Margaret M. Colwell,77.853,64.9,D,0.3,19.8,27.4,28.8,18.1,5.6,0.0,0.000,0.0,0.0,0.0,0.0,0.0,0.0,0.0,0.0,79.581,76.964,,,000534
000541,Constellation Schools: Outreach Academy for Students with Di,000541,Constellation Schools: Outreach Academy for Students with Di,Cuyahoga,Region 3,3727 Bosworth Rd,"Cleveland, OH, 44111-6037",(216) 688-1900,Mary Wideman,43.939,36.6,F,0.0,57.6,39.4,3.0,0.0,0.0,0.0,0.000,0.0,0.0,0.0,0.0,0.0,0.0,0.0,0.0,43.929,37.059,,,000541
000543,Pinnacle Academy,000543,Pinnacle Academy,Cuyahoga,Region 3,860 E 222nd St,"Euclid, OH, 44123-3317",(216) 731-0127,Charlena R. Dykes-Hunt,65.045,54.2,D,0.0,39.2,23.1,23.7,10.6,3.4,0.0,0.000,0.0,0.0,0.0,0.0,0.0,0.0,0.0,0.0,62.163,74.975,,,000543
000546,Winterfield Venture Academy,000546,Winterfield Venture Academy,Lucas,Region 1,305 Wenz Rd,"Toledo, OH, 43615-6244",(419) 531-3285,Nathan W. Preston,65.642,54.7,D,0.0,36.8,27.7,17.6,11.4,6.6,0.0,0.000,0.0,0.0,0.0,0.0,0.0,0.0,0.0,0.0,59.347,70.361,,,000546
000553,"Columbus Humanities, Arts and Technology Academy",000553,"Columbus Humanities, Arts and Technology Academy",Franklin,Region 11,1333 Morse Rd,"Columbus, OH, 43229-6322",(614) 261-1200,Alexander C. Adams,68.152,56.8,D,0.0,32.6,27.6,23.8,11.6,4.3,0.0,0.000,0.0,0.0,0.0,0.0,0.0,0.0,0.0,0.0,61.575,74.824,,,000553
000556,A+ Arts Academy,000556,A+ Arts Academy,Franklin,Region 11,1395 Fair Ave,"Columbus, OH, 43205-1543",(614) 338-0767,David B. Fant,56.308,46.9,F,0.0,49.4,25.3,17.3,6.2,1.9,0.0,0.000,0.0,0.0,0.0,0.0,0.0,0.0,0.0,0.0,61.298,76.822,,,000556
000557,Columbus Arts & Technology Academy,000557,Columbus Arts & Technology Academy,Franklin,Region 11,2255 Kimberly Pkwy E,"Columbus, OH, 43232-7210",(614) 577-0900,Derrick R. Shelton,81.637,68.0,D,0.0,16.2,25.3,34.3,17.4,6.8,0.0,0.000,0.0,0.0,0.0,0.0,0.0,0.0,0.0,0.0,76.667,85.646,,,000557
000558,Columbus Preparatory Academy,000558,Columbus Preparatory Academy,Franklin,Region 11,3330 Chippewa St,"Columbus, OH, 43204-1653",(614) 275-3600,Brian P. Carlton,115.514,96.3,A,0.0,0.0,0.4,8.4,26.0,65.3,0.0,0.000,0.0,0.0,0.0,0.0,0.0,0.0,0.0,0.0,115.869,114.576,,,000558
000559,Orion Academy,000559,Orion Academy,Hamilton,Region 13,1798 Queen City Ave,"Cincinnati, OH, 45214-1427",(513) 251-6000,Kendell L. Dorsey,61.873,51.6,D,0.0,40.8,27.1,22.3,7.2,2.7,0.0,0.000,0.0,0.0,0.0,0.0,0.0,0.0,0.0,0.0,56.381,67.358,,,000559
000560,Apex Academy,000560,Apex Academy,Cuyahoga,Region 3,16005 Terrace Rd,"Cleveland, OH, 44112-2001",(216) 451-1725,Jennifer M. Littlefield,52.072,43.4,F,0.0,56.0,24.0,12.8,6.0,1.2,0.0,0.000,0.0,0.0,0.0,0.0,0.0,0.0,0.0,0.0,55.432,73.157,,,000560
000575,Hope Academy Northwest Campus,000575,Hope Academy Northwest Campus,Cuyahoga,Region 3,1441 W 116th St,"Cleveland, OH, 44102-2301",(216) 226-6800,Julio S. Alarcon,62.955,52.5,D,0.8,40.4,24.2,19.9,12.4,2.3,0.0,0.000,0.0,0.0,0.0,0.0,0.0,0.0,0.0,0.0,58.333,60.584,,,000575
000576,King Academy Community School,000576,King Academy Community School,Hamilton,Region 13,224 W Liberty St,"Cincinnati, OH, 45202-6990",(513) 421-7519,,79.713,66.4,D,1.1,18.4,21.8,37.9,16.7,4.0,0.0,0.000,0.0,0.0,0.0,0.0,0.0,0.0,0.0,0.0,80.538,73.896,,,000576
000577,Emerson Academy,000577,Emerson Academy,Montgomery,Region 10,501 Hickory St,"Dayton, OH, 45410-1232",(937) 223-2889,Alison C. Foreman,64.181,53.5,D,0.0,39.3,24.9,21.7,11.1,2.9,0.0,0.000,0.0,0.0,0.0,0.0,0.0,0.0,0.0,0.0,67.312,75.776,,,000577
000608,Summit Academy Transition High School-Cincinnati,000608,Summit Academy Transition High School-Cincinnati,Hamilton,Region 13,5800 Salvia Ave,"Cincinnati, OH, 45224-3029",(513) 541-4000,Stephen F. Geresy,49.571,41.3,F,1.4,61.4,17.1,14.3,2.9,2.9,0.0,0.000,0.0,0.0,0.0,0.0,0.0,0.0,0.0,0.0,41.270,79.054,,,000608
000609,Summit Academy Middle School - Lorain,000609,Summit Academy Middle School - Lorain,Lorain,Region 2,346 Illinois Ave,"Lorain, OH, 44052-2106",(440) 288-0448,Diane K. Solomon,49.406,41.2,F,0.0,59.8,22.8,14.2,2.3,0.9,0.0,0.000,0.0,0.0,0.0,0.0,0.0,0.0,0.0,0.0,41.092,52.421,,,000609
000610,Summit Academy Middle School - Columbus,000610,Summit Academy Middle School - Columbus,Franklin,Region 11,2521 Fairwood Ave Ste 200,"Columbus, OH, 43207-2712",(614) 237-5497,Cheryl L. Elliott,45.089,37.6,F,0.0,68.8,17.9,10.7,1.8,0.9,0.0,0.000,0.0,0.0,0.0,0.0,0.0,0.0,0.0,0.0,45.000,50.414,,,000610
000613,Heir Force Community School,000613,Heir Force Community School,Allen,Region 6,150 W Grand Ave,"Lima, OH, 45801-4006",(419) 228-9241,Darwin O. Lofton,70.882,59.1,D,0.0,30.9,25.3,24.2,12.9,6.6,0.0,0.000,0.0,0.0,0.0,0.0,0.0,0.0,0.0,0.0,73.210,88.280,,,000613
000614,Summit Academy Transition High School-Columbus,000614,Summit Academy Transition High School-Columbus,Franklin,Region 11,2521 Fairwood Ave,"Columbus, OH, 43207-2712",(614) 880-0714,Trina C. Holloway - Moore,43.729,36.4,F,1.7,64.4,23.7,10.2,0.0,0.0,0.0,0.000,0.0,0.0,0.0,0.0,0.0,0.0,0.0,0.0,43.945,63.361,,,000614
000616,Summit Academy Alternative LearnersWarren Middle & Secondary,000616,Summit Academy Alternative LearnersWarren Middle & Secondary,Trumbull,Region 5,1461 Moncrest Dr NW,"Warren, OH, 44485-1928",(330) 399-1692,Erin A. Bradley,47.483,39.6,F,2.8,60.8,19.6,11.9,2.8,2.1,0.0,0.000,0.0,0.0,0.0,0.0,0.0,0.0,0.0,0.0,48.750,65.260,,,000616
000621,Summit Academy Transition High School Dayton,000621,Summit Academy Transition High School Dayton,Montgomery,Region 8,251 Erdiel Dr,"Dayton, OH, 45415-3632",(937) 223-3154,Gary L. Miller,44.352,37.0,F,5.2,61.7,18.7,13.5,0.5,0.5,0.0,0.000,0.0,0.0,0.0,0.0,0.0,0.0,0.0,0.0,44.634,65.565,,,000621
000623,Summit Academy-Youngstown,000623,Summit Academy-Youngstown,Mahoning,Region 5,144 N Schenley Ave,"Youngstown, OH, 44509-2041",(330) 259-0421,Michael J. Majzun,48.895,40.7,F,0.0,63.7,18.7,10.2,4.8,2.5,0.0,0.000,0.0,0.0,0.0,0.0,0.0,0.0,0.0,0.0,49.972,61.677,,,000623
000629,Summit Academy Community School - Painesville,000629,Summit Academy Community School - Painesville,Lake,Region 4,268 N State St,"Painesville, OH, 44077-4009",(440) 358-0877,Frank B. Cheraso,61.940,51.6,D,0.7,43.3,23.1,16.4,10.4,6.0,0.0,0.000,0.0,0.0,0.0,0.0,0.0,0.0,0.0,0.0,59.286,71.164,,,000629
000633,Summit Academy Toledo Learning Center,000633,Summit Academy Toledo Learning Center,Lucas,Region 1,5115 Glendale Ave Ste N,"Toledo, OH, 43614-1801",(419) 476-7859,Abby J. Spangler,61.737,51.4,D,0.5,44.7,21.6,16.3,11.6,5.3,0.0,0.000,0.0,0.0,0.0,0.0,0.0,0.0,0.0,0.0,54.173,61.088,,,000633
000634,Summit Academy Secondary School - Middletown,000634,Summit Academy Secondary School - Middletown,Butler,Region 13,7 S Marshall Rd,"Middletown, OH, 45044-5375",(513) 420-9767,Beth A. Varley,53.699,44.7,F,0.0,57.2,19.1,13.3,6.9,3.5,0.0,0.000,0.0,0.0,0.0,0.0,0.0,0.0,0.0,0.0,57.273,71.429,,,000634
000640,Rittman Academy,012931,Office of School Sponsorship,Franklin,Region 9,100 Saurer St,"Rittman, OH, 44270-1259",(330) 927-7401,,50.455,42.0,F,0.0,50.0,36.4,13.6,0.0,0.0,0.0,0.000,0.0,0.0,0.0,0.0,0.0,0.0,0.0,0.0,NC,NC,,,000640
000677,New Day Academy Boarding & Day School,000677,New Day Academy Boarding & Day School,Cuyahoga,Region 3,8566 Barbara Dr,"Mentor, OH, 44060-1917",(440) 516-0866,,50.759,42.3,F,0.0,56.3,25.0,17.9,0.4,0.4,0.0,0.000,0.0,0.0,0.0,0.0,0.0,0.0,0.0,0.0,40.290,70.833,Graduation data may be incomplete due to local reporting error. Contact district for more information.,,000677
000679,Oakstone Community School,000679,Oakstone Community School,Franklin,Region 11,5747 Cleveland Ave,"Columbus, OH, 43231-2831",(614) 458-1085,Erik L. Wilson,82.850,69.0,D,0.0,19.7,20.6,26.5,17.7,15.5,0.0,0.000,0.0,0.0,0.0,0.0,0.0,0.0,0.0,0.0,81.891,96.036,,,000679
000725,Zenith Academy,000725,Zenith Academy,Franklin,Region 11,8210 Havens Rd,"Blacklick, OH, 43004-8630",(614) 888-9997,,59.394,49.5,F,1.3,42.9,25.8,21.1,7.5,1.4,0.0,0.000,0.0,0.0,0.0,0.0,0.0,0.0,0.0,0.0,50.179,73.047,,,000725
000736,HBCU Preparatory School 1,000736,HBCU Preparatory School 1,Cuyahoga,Region 3,12601 Shaker Blvd,"Cleveland, OH, 44120-2041",(216) 812-0244,Timothy Roberts,78.598,65.5,D,0.3,22.4,20.2,35.2,16.5,5.3,0.0,0.000,0.0,0.0,0.0,0.0,0.0,0.0,0.0,0.0,71.775,80.519,,,000736
000738,HBCU Preparatory School 2,000738,HBCU Preparatory School 2,Cuyahoga,Region 3,12601 Shaker Blvd,"Cleveland, OH, 44120-2041",(216) 812-0244,Timothy Roberts,NC,NC,NR,NC,NC,NC,NC,NC,NC,NC,NC,NC,NC,NC,NC,NC,NC,NC,NC,NC,NC,,,000738
000770,"Maritime Academy of Toledo, The",000770,"Maritime Academy of Toledo, The",Lucas,Region 1,803 Water St,"Toledo, OH, 43604-1831",(419) 244-9999,Aaron M. Lusk,56.464,47.1,F,0.2,46.8,28.1,18.7,4.9,1.2,0.0,0.000,0.0,0.0,0.0,0.0,0.0,0.0,0.0,0.0,56.098,74.564,Graduation data may be incomplete due to local reporting error. Contact district for more information.,,000770
000779,Educational Academy for Boys & Girls,123257,North Central Ohio ESC,Seneca,Region 11,1500 W 3rd Ave,"Columbus, OH, 43212-2843",(614) 294-3020,,69.421,57.9,D,0.0,28.1,33.1,20.7,13.2,5.0,0.0,0.000,0.0,0.0,0.0,0.0,0.0,0.0,0.0,0.0,54.771,65.000,,,000779
000780,Midnimo Cross Cultural Community School,123257,North Central Ohio ESC,Seneca,Region 11,1500 W 3rd Ave Ste 125,"Columbus, OH, 43212-2883",(614) 261-7480,Amy L. Shrock,58.547,48.8,F,0.0,47.6,23.6,17.9,8.1,2.7,0.0,0.000,0.0,0.0,0.0,0.0,0.0,0.0,0.0,0.0,58.326,68.129,,,000780
000804,Horizon Science Academy-Cincinnati,000804,Horizon Science Academy-Cincinnati,Hamilton,Region 13,1055 Laidlaw Ave,"Cincinnati, OH, 45237-5005",(513) 242-0099,Ergun Sevilmis,53.402,44.5,F,0.2,54.7,22.7,14.8,5.1,2.5,0.0,0.000,0.0,0.0,0.0,0.0,0.0,0.0,0.0,0.0,48.668,62.155,,,000804
000808,Horizon Science Academy-Dayton,000808,Horizon Science Academy-Dayton,Montgomery,Region 10,4751 sue ann blvd,"Dayton, OH, 45415",(937) 277-1177,Kellie K. Berlean,54.826,45.7,F,0.0,53.0,22.2,18.7,3.9,2.2,0.0,0.000,0.0,0.0,0.0,0.0,0.0,0.0,0.0,0.0,55.853,68.208,,,000808
000825,Horizon Science Academy-Springfield,000825,Horizon Science Academy-Springfield,Lucas,Region 1,630 S Reynolds Rd,"Toledo, OH, 43615-6314",(419) 535-0524,Erin A. Schreiner,63.593,53.0,D,0.0,37.8,28.9,21.3,8.1,3.9,0.0,0.000,0.0,0.0,0.0,0.0,0.0,0.0,0.0,0.0,60.201,66.433,,,000825
000838,Horizon Science Academy-Denison Middle School,000838,Horizon Science Academy-Denison Middle School,Cuyahoga,Region 3,1700 Denison Ave,"Cleveland, OH, 44109-2925",(216) 739-9911,,60.061,50.1,D,0.0,41.0,29.8,22.7,6.1,0.4,0.0,0.000,0.0,0.0,0.0,0.0,0.0,0.0,0.0,0.0,55.676,51.391,,,000838
000843,Bennett Venture Academy,000843,Bennett Venture Academy,Lucas,Region 1,5130 Bennett Road,"Toledo, OH, 43612",(419) 269-2247,nicolette r. whitson,71.710,59.8,D,0.0,29.2,26.4,23.6,14.1,6.7,0.0,0.000,0.0,0.0,0.0,0.0,0.0,0.0,0.0,0.0,68.487,78.884,,,000843
000855,Stambaugh Charter Academy,000855,Stambaugh Charter Academy,Mahoning,Region 5,2420 Donald Ave,"Youngstown, OH, 44509-1306",(330) 792-4806,Landon A. Brown II,76.820,64.0,D,0.0,23.3,26.4,24.2,14.7,11.3,0.0,0.000,0.0,0.0,0.0,0.0,0.0,0.0,0.0,0.0,70.198,70.027,,,000855
000858,Horizon Science Academy-Cleveland Middle School,000858,Horizon Science Academy-Cleveland Middle School,Cuyahoga,Region 3,6100 S Marginal Rd,"Cleveland, OH, 44103-1043",(216) 432-9940,,66.197,55.2,D,0.0,34.6,29.1,19.6,13.0,3.8,0.0,0.000,0.0,0.0,0.0,0.0,0.0,0.0,0.0,0.0,66.515,81.006,,,000858
000875,Westside Academy,000875,Westside Academy,Franklin,Region 11,4330 Clime Rd North,"Columbus, OH, 43228-3439",(614) 272-9392,,79.898,66.6,D,0.0,23.0,17.9,35.7,15.8,7.7,0.0,0.000,0.0,0.0,0.0,0.0,0.0,0.0,0.0,0.0,66.468,67.857,,,000875
000930,Cleveland Entrepreneurship Preparatory School,043786,Cleveland Municipal,Cuyahoga,Region 3,1417 E 36th St Fl 2,"Cleveland, OH, 44114-4116",(216) 456-2080,,75.062,62.6,D,0.0,25.9,24.9,25.2,16.9,7.1,0.0,0.000,0.0,0.0,0.0,0.0,0.0,0.0,0.0,0.0,73.607,85.536,,,000930
000938,East Bridge Academy of Excellence,000938,East Bridge Academy of Excellence,Franklin,Region 11,2323 Lake Club Dr,"Columbus, OH, 43232-3101",(614) 501-3822,Emmanuel D. Anthony,41.765,34.8,F,0.0,73.5,17.6,5.9,2.9,0.0,0.0,0.000,0.0,0.0,0.0,0.0,0.0,0.0,0.0,0.0,39.655,46.222,,,000938
000941,Par Excellence Academy,044453,Newark City,Licking,Region 11,1350 Granville Rd,"Newark, OH, 43055-3906",(740) 344-7279,,89.630,74.7,C,0.6,16.7,10.5,30.9,21.6,19.8,0.0,0.000,0.0,0.0,0.0,0.0,0.0,0.0,0.0,0.0,75.072,86.452,,,000941
000951,Toledo Preparatory and Fitness Academy,000951,Toledo Preparatory and Fitness Academy,Lucas,Region 13,3001 Hill Ave,"Toledo, OH, 43607-2932",(419) 535-3700,Valerie E. Sandy,68.449,57.0,D,0.0,33.0,26.6,23.8,11.6,5.0,0.0,0.000,0.0,0.0,0.0,0.0,0.0,0.0,0.0,0.0,76.523,79.885,,,000951
000952,Columbus Preparatory and Fitness Academy,000952,Columbus Preparatory and Fitness Academy,Franklin,Region 11,1258 Demorest Rd,"Columbus, OH, 43204-7003",(614) 318-0606,Jeffrey R. Luelleman,72.767,60.6,D,0.0,30.2,22.7,25.0,14.7,7.4,0.0,0.000,0.0,0.0,0.0,0.0,0.0,0.0,0.0,0.0,66.970,81.267,,,000952
000953,Mt. Healthy Preparatory and Fitness Academy,000953,Mt. Healthy Preparatory and Fitness Academy,Hamilton,Region 13,7601 Harrison Ave,"Cincinnati, OH, 45231-3107",(513) 587-6280,Timothy R. Baggs,63.785,53.2,D,0.0,41.6,22.7,19.9,11.4,4.4,0.0,0.000,0.0,0.0,0.0,0.0,0.0,0.0,0.0,0.0,57.910,69.893,,,000953
007984,Youngstown Academy of Excellence,007984,Youngstown Academy of Excellence,Mahoning,Region 5,1408 Rigby St,"Youngstown, OH, 44506-1617",(330) 746-3970,Jennifer R. Szallai,60.185,50.2,D,0.0,44.9,24.5,18.5,9.7,2.3,0.0,0.000,0.0,0.0,0.0,0.0,0.0,0.0,0.0,0.0,57.305,66.872,,,007984
007995,Cleveland Arts and Social Sciences Academy,007995,Cleveland Arts and Social Sciences Academy,Cuyahoga,Region 3,10701 Shaker Blvd,"Cleveland, OH, 44104-3752",(216) 229-3000,Debroah A. Mays,79.389,66.2,D,0.0,27.1,17.1,20.2,19.3,16.3,0.0,0.000,0.0,0.0,0.0,0.0,0.0,0.0,0.0,0.0,78.639,74.600,,,007995
007999,Charles School at Ohio Dominican University,007999,Charles School at Ohio Dominican University,Franklin,Region 11,3950 Indianola Ave,"Columbus, OH, 43214-3158",(614) 258-8588,,71.761,59.8,D,0.3,23.3,32.7,32.7,7.5,3.5,0.0,0.000,0.0,0.0,0.0,0.0,0.0,0.0,0.0,0.0,71.826,85.369,,,007999
008000,Lorain Preparatory Academy,008000,Lorain Preparatory Academy,Lorain,Region 2,4119 Leavitt Rd,"Lorain, OH, 44053-2341",(440) 282-3127,James P. Sinclair,66.387,55.3,D,0.1,35.7,25.6,23.8,12.0,2.7,0.0,0.000,0.0,0.0,0.0,0.0,0.0,0.0,0.0,0.0,66.374,71.743,,,008000
008064,Academy of Arts and Sciences,008064,Academy of Arts and Sciences,Lorain,Region 2,4101 Leavitt Rd,"Lorain, OH, 44053-2341",(567) 998-7552,Erik A. Thorson,NC,NC,NR,NC,NC,NC,NC,NC,NC,NC,NC,NC,NC,NC,NC,NC,NC,NC,NC,NC,NC,,,008064
008278,Noble Academy-Cleveland,008278,Noble Academy-Cleveland,Cuyahoga,Region 3,1200 E 200th St,"Euclid, OH, 44117-1111",(216) 486-8866,,74.437,62.0,D,0.0,24.0,28.0,29.2,12.9,5.9,0.0,0.000,0.0,0.0,0.0,0.0,0.0,0.0,0.0,0.0,76.511,85.296,,,008278
008280,Noble Academy-Columbus,008280,Noble Academy-Columbus,Franklin,Region 11,1329 Bethel Rd,"Columbus, OH, 43220-2611",(614) 326-0687,Abdulkadir Parlar,72.252,60.2,D,0.2,31.5,21.7,22.1,17.5,6.8,0.2,0.000,0.0,0.0,0.0,0.0,0.0,0.0,0.0,0.0,75.133,77.517,,,008280
008281,South Scioto Academy,008281,South Scioto Academy,Franklin,Region 11,2200 Winslow Dr,"Columbus, OH, 43207-2270",(614) 445-7684,Donnell Q. Drake,49.902,41.6,F,0.7,56.7,26.1,10.7,5.2,0.7,0.0,0.000,0.0,0.0,0.0,0.0,0.0,0.0,0.0,0.0,47.719,58.648,,,008281
008286,Harvard Avenue Performance Academy,008286,Harvard Avenue Performance Academy,Cuyahoga,Region 3,12000 Harvard Ave,"Cleveland, OH, 44105-5444",(216) 283-5100,Brittiany Sanford,45.928,38.3,F,0.0,66.7,20.2,8.0,3.4,1.6,0.0,0.000,0.0,0.0,0.0,0.0,0.0,0.0,0.0,0.0,42.225,NC,,,008286
008287,Groveport Community School,008287,Groveport Community School,Franklin,Region 11,4485 S Hamilton Rd,"Groveport, OH, 43125-9334",(614) 574-0037,Dair F. Foster,71.366,59.5,D,0.0,29.8,25.3,26.6,13.3,5.0,0.0,0.000,0.0,0.0,0.0,0.0,0.0,0.0,0.0,0.0,65.946,72.939,,,008287
009122,Columbus Collegiate Academy,009122,Columbus Collegiate Academy,Franklin,Region 11,1469 E Main St,"Columbus, OH, 43205-2152",(614) 299-5284,Melissa C. Barrett,70.902,59.1,D,0.6,32.4,20.9,25.1,16.3,4.6,0.0,0.000,0.0,0.0,0.0,0.0,0.0,0.0,0.0,0.0,70.685,82.736,,,009122
009147,Northpointe Academy,009147,Northpointe Academy,Lucas,Region 1,3648 Victory Ave,"Toledo, OH, 43607-2564",(419) 535-1997,Nicholas L. Jacobs,45.266,37.7,F,1.3,67.1,18.3,7.0,3.8,2.5,0.0,0.000,0.0,0.0,0.0,0.0,0.0,0.0,0.0,0.0,44.677,57.041,,,009147
009149,Constellation Schools: Westside Community School of the Arts,009149,Constellation Schools: Westside Community School of the Arts,Cuyahoga,Region 3,5730 Broadview Rd,"Parma, OH, 44134-1602",(216) 688-1900,Deborah A. Rotolo,70.592,58.8,D,0.0,30.2,26.5,25.1,13.1,5.1,0.0,0.000,0.0,0.0,0.0,0.0,0.0,0.0,0.0,0.0,66.567,82.630,,,009149
009164,Central Academy of Ohio,009164,Central Academy of Ohio,Lucas,Region 1,2727 Kenwood Blvd,"Toledo, OH, 43606-3216",(419) 205-9800,Mariam L. Saleh,46.405,38.7,F,0.0,66.0,19.6,10.5,3.3,0.7,0.0,0.000,0.0,0.0,0.0,0.0,0.0,0.0,0.0,0.0,43.910,55.741,,,009164
009171,Star Academy of Toledo,009171,Star Academy of Toledo,Lucas,Region 1,5025 Glendale Ave,"Toledo, OH, 43614-1855",(419) 720-6330,Vincent N. Riccardi,59.440,49.5,F,0.0,45.1,25.4,19.8,7.5,2.2,0.0,0.000,0.0,0.0,0.0,0.0,0.0,0.0,0.0,0.0,63.249,66.283,,,009171
009179,Horizon Science Academy Columbus Middle School,009179,Horizon Science Academy Columbus Middle School,Franklin,Region 11,2350 Morse Rd,"Columbus, OH, 43229-5801",(614) 428-6564,Hasan Akkaya,61.909,51.6,D,0.0,42.5,25.4,18.4,9.7,3.7,0.4,0.000,0.0,0.0,0.0,0.0,0.0,0.0,0.0,0.0,63.632,68.992,,,009179
009181,Clay Avenue Community School,009181,Clay Avenue Community School,Lucas,Region 1,1030 Clay Ave,"Toledo, OH, 43608-2167",(419) 727-9900,,57.232,47.7,F,0.0,43.7,32.1,18.3,4.8,1.0,0.0,0.000,0.0,0.0,0.0,0.0,0.0,0.0,0.0,0.0,54.597,60.617,,,009181
009192,Foundation Academy,009192,Foundation Academy,Richland,Region 7,1050 Wyandotte Ave,"Mansfield, OH, 44906-1939",(419) 526-9540,,79.982,66.7,D,0.0,16.5,29.4,28.5,18.1,7.4,0.0,0.000,0.0,0.0,0.0,0.0,0.0,0.0,0.0,0.0,73.294,79.107,,,009192
009283,"Dayton Early College Academy, Inc",009283,"Dayton Early College Academy, Inc",Montgomery,Region 10,300 College Park,"Dayton, OH, 45469-0001",(937) 229-5780,Danya N. Berry,85.411,71.2,C,0.0,10.1,27.5,34.8,19.9,7.6,0.0,0.000,0.0,0.0,0.0,0.0,0.0,0.0,0.0,0.0,83.654,NC,,,009283
009953,Sullivant Avenue Community School,009953,Sullivant Avenue Community School,Franklin,Region 11,3435 Sullivant Ave,"Columbus, OH, 43204-1103",(614) 308-5991,Jamie A. Lama,59.564,49.6,F,0.0,47.7,21.3,19.1,9.0,2.9,0.0,0.000,0.0,0.0,0.0,0.0,0.0,0.0,0.0,0.0,56.471,67.415,,,009953
009954,Harrisburg Pike Community School,009954,Harrisburg Pike Community School,Franklin,Region 11,680 Harrisburg Pike,"Columbus, OH, 43223-2100",(614) 223-1510,Dreama R. Carroll,54.028,45.0,F,0.0,52.2,25.3,16.1,5.8,0.6,0.0,0.000,0.0,0.0,0.0,0.0,0.0,0.0,0.0,0.0,69.770,72.925,,,009954
009955,Madison Avenue School of Arts,009955,Madison Avenue School of Arts,Lucas,Region 1,1511 Madison Ave,"Toledo, OH, 43604-4433",(419) 259-4000,Lindsey B. Day,60.892,50.7,D,0.0,42.1,27.1,21.0,7.3,2.4,0.0,0.000,0.0,0.0,0.0,0.0,0.0,0.0,0.0,0.0,48.841,64.221,,,009955
009957,Klepinger Community School,009957,Klepinger Community School,Montgomery,Region 10,3650 Klepinger Rd,"Dayton, OH, 45416-1919",(937) 610-1710,Melissa D. McManaway,63.339,52.8,D,3.4,38.8,21.3,18.9,10.6,7.0,0.0,0.000,0.0,0.0,0.0,0.0,0.0,0.0,0.0,0.0,65.115,54.364,,,009957
009964,Sciotoville Elementary Academy,009964,Sciotoville Elementary Academy,Scioto,Region 15,5540 3rd St,"Sciotoville, OH, 45662-5402",(740) 776-2916,Foresta Shope,87.218,72.7,C,0.0,18.0,13.5,31.6,21.1,15.8,0.0,0.000,0.0,0.0,0.0,0.0,0.0,0.0,0.0,0.0,81.496,84.122,,,009964
009990,Horizon Science Academy Elementary School,009990,Horizon Science Academy Elementary School,Franklin,Region 11,2835 Morse Rd,"Columbus, OH, 43231-6033",(614) 475-4585,Jessica L. Shoaf,76.686,63.9,D,0.0,23.4,24.6,30.2,14.4,7.4,0.0,0.000,0.0,0.0,0.0,0.0,0.0,0.0,0.0,0.0,68.552,76.438,,,009990
009997,KIPP Columbus,009997,KIPP Columbus,Franklin,Region 11,2750 Agler Rd,"Columbus, OH, 43224-4616",(614) 263-6137,,76.776,64.0,D,0.0,24.2,24.0,27.2,16.3,7.9,0.5,0.000,0.0,0.0,0.0,0.0,0.0,0.0,0.0,0.0,67.917,71.627,,,009997
010007,Horizon Science Academy Denison Elementary School,010007,Horizon Science Academy Denison Elementary School,Cuyahoga,Region 3,2261 Columbus Rd,"Cleveland, OH, 44113-4230",(216) 661-8840,Tracy L. Hammond,53.000,44.2,F,0.0,51.1,28.9,16.7,3.3,0.0,0.0,0.000,0.0,0.0,0.0,0.0,0.0,0.0,0.0,0.0,50.751,69.120,,,010007
010036,Cesar Chavez College Preparatory School,010036,Cesar Chavez College Preparatory School,Franklin,Region 11,1500 W 3rd Ave Ste 125,"Columbus, OH, 43212-2883",(614) 294-3020,,76.598,63.8,D,0.0,25.4,22.3,28.2,14.8,9.3,0.0,0.000,0.0,0.0,0.0,0.0,0.0,0.0,0.0,0.0,55.754,68.995,,,010036
010180,Mount Auburn International Academy,010180,Mount Auburn International Academy,Hamilton,Region 13,244 Southern Ave,"Cincinnati, OH, 45219-3023",(513) 241-5500,,58.201,48.5,F,0.0,43.9,29.3,20.6,5.8,0.4,0.0,0.000,0.0,0.0,0.0,0.0,0.0,0.0,0.0,0.0,58.673,66.626,,,010180
010182,Performance Academy Eastland,010182,Performance Academy Eastland,Franklin,Region 11,2220 S Hamilton Rd,"Columbus, OH, 43232-4304",(614) 314-6301,Norbert D. Tate,66.853,55.7,D,0.2,36.2,25.9,18.3,11.4,8.0,0.0,0.000,0.0,0.0,0.0,0.0,0.0,0.0,0.0,0.0,59.975,71.405,,,010182
010205,L. Hollingworth School for Talented and Gifted,010205,L. Hollingworth School for Talented and Gifted,Lucas,Region 1,653 Miami St,"Toledo, OH, 43605-2277",(419) 705-3411,Terrence Franklin,61.358,51.1,D,0.0,42.8,25.3,20.7,8.3,2.9,0.0,0.000,0.0,0.0,0.0,0.0,0.0,0.0,0.0,0.0,55.386,74.990,,,010205
011291,Village Preparatory School,043786,Cleveland Municipal,Cuyahoga,Region 3,1417 E 36th St,"Cleveland, OH, 44114-4116",(216) 456-2070,Randall A. Yates,80.676,67.2,D,0.0,24.1,17.3,25.4,22.2,11.1,0.0,0.000,0.0,0.0,0.0,0.0,0.0,0.0,0.0,0.0,74.034,80.398,,,011291
011381,Greater Summit County Early Learning Center,012931,Office of School Sponsorship,Franklin,Region 8,1651 Massillon Rd,"Akron, OH, 44312-4221",(234) 718-2626,Teresa M. Graves,107.222,89.4,B,0.0,0.9,4.6,30.6,30.6,33.3,0.0,NC,NC,0.0,0.0,0.0,0.0,0.0,100.0,0.0,108.810,104.769,,,011381
011390,Bella Academy of Excellence,011390,Bella Academy of Excellence,Cuyahoga,Region 3,19114 Bella Dr,"Cleveland, OH, 44119-3007",(216) 481-1500,Arun Dutt,73.333,61.1,D,0.0,25.6,29.3,24.1,12.5,8.5,0.0,0.000,0.0,0.0,0.0,0.0,0.0,0.0,0.0,0.0,64.472,66.420,,,011390
011439,Renaissance Academy,011439,Renaissance Academy,Franklin,Region 11,1555 Elaine Rd,"Columbus, OH, 43227-2347",(614) 866-7277,Sharice L. Martin,52.103,43.4,F,0.0,56.2,23.4,12.8,6.9,0.7,0.0,0.000,0.0,0.0,0.0,0.0,0.0,0.0,0.0,0.0,47.018,58.699,,,011439
011468,Columbus Bilingual Academy-North,011468,Columbus Bilingual Academy-North,Franklin,Region 11,2100 Morse Rd,"Columbus, OH, 43229-3051",(614) 525-0309,,68.299,56.9,D,0.0,33.3,26.0,25.5,10.1,5.1,0.0,0.000,0.0,0.0,0.0,0.0,0.0,0.0,0.0,0.0,55.648,61.017,,,011468
011511,Lakeland Academy Community School,123257,North Central Ohio ESC,Seneca,Region 12,101 E Main St,"Freeport, OH, 43973-9355",(740) 658-1042,,56.324,46.9,F,0.0,50.0,25.0,11.8,13.2,0.0,0.0,0.000,0.0,0.0,0.0,0.0,0.0,0.0,0.0,0.0,60.299,7.429,,,011511
011533,Horizon Science Academy Lorain,011533,Horizon Science Academy Lorain,Lorain,Region 3,760 Tower Blvd,"Lorain, OH, 44052-5223",(440) 282-4277,Muhammed F. Sumer,73.438,61.2,D,0.0,24.1,29.7,28.4,13.8,4.0,0.0,0.000,0.0,0.0,0.0,0.0,0.0,0.0,0.0,0.0,68.385,79.544,,,011533
011534,Horizon Science Academy Dayton High School,011534,Horizon Science Academy Dayton High School,Montgomery,Region 10,250 Shoup Mill Rd,"Dayton, OH, 45415-3517",(937) 281-1480,Hakan Bagcioglu,50.363,42.0,F,0.2,58.7,22.2,14.1,3.6,1.1,0.0,0.000,0.0,0.0,0.0,0.0,0.0,0.0,0.0,0.0,52.560,61.285,,,011534
011923,Northeast Ohio College Preparatory School,043786,Cleveland Municipal,Cuyahoga,Region 3,2280 Professor Ave,"Cleveland, OH, 44113-4467",(216) 965-0580,Jennifer Z. Sullivan,60.000,50.0,D,0.0,43.5,27.2,19.3,6.9,3.1,0.0,NC,NC,0.0,8.7,17.4,34.8,21.7,17.4,0.0,66.739,71.742,,,011923
011947,Imagine Akron Academy,012931,Office of School Sponsorship,Franklin,Region 8,2405 Romig Rd,"Akron, OH, 44320-4000",(330) 379-1034,Audrea M. Pettaway,NC,NC,NR,NC,NC,NC,NC,NC,NC,NC,NC,NC,NC,NC,NC,NC,NC,NC,NC,NC,NC,,,011947
011967,The Richland School of Academic Arts,123257,North Central Ohio ESC,Seneca,Region 7,1456 Park Ave W,"Ontario, OH, 44906-2700",(419) 522-7273,,88.709,73.9,C,0.0,12.4,19.0,31.6,24.7,12.4,0.0,0.000,0.0,0.0,0.0,0.0,0.0,0.0,0.0,0.0,88.795,88.856,,,011967
011972,Graham Expeditionary Middle School,011972,Graham Expeditionary Middle School,Franklin,Region 11,3950 Indianola Ave,"Columbus, OH, 43214-3167",(614) 253-4000,Gregory C. Brown,72.982,60.8,D,0.0,29.2,23.1,26.9,14.6,6.1,0.0,0.000,0.0,0.0,0.0,0.0,0.0,0.0,0.0,0.0,72.171,75.179,,,011972
011976,Horizon Science Academy Dayton Downtown,011976,Horizon Science Academy Dayton Downtown,Montgomery,Region 10,121 S Monmouth St,"Dayton, OH, 45403-2127",(937) 281-1980,Mustafa Ada,65.429,54.5,D,1.5,37.4,23.0,21.2,10.1,6.7,0.0,0.000,0.0,0.0,0.0,0.0,0.0,0.0,0.0,0.0,60.828,65.737,,,011976
011986,Horizon Science Academy Youngstown,011986,Horizon Science Academy Youngstown,Mahoning,Region 5,3403 Southern Blvd,"Youngstown, OH, 44507-2044",(330) 782-3003,Ferhat Kapki,54.042,45.0,F,3.9,46.5,26.2,15.3,6.3,1.8,0.0,0.000,0.0,0.0,0.0,0.0,0.0,0.0,0.0,0.0,50.997,67.824,,,011986
012009,Zenith Academy East,012009,Zenith Academy East,Franklin,Region 11,2261 S Hamilton Rd,"Columbus, OH, 43232-4301",(614) 577-0997,Tia L. Lamar,62.065,51.7,D,0.0,39.4,30.2,17.2,9.0,4.2,0.0,0.000,0.0,0.0,0.0,0.0,0.0,0.0,0.0,0.0,63.220,72.330,,,012009
012010,Cleveland College Preparatory School,043786,Cleveland Municipal,Cuyahoga,Region 3,4906 Fleet Ave,"Cleveland, OH, 44105-3328",(216) 341-1347,Phillip A. Penn,63.341,52.8,D,0.0,38.1,28.3,22.7,8.7,2.2,0.0,0.000,0.0,0.0,0.0,0.0,0.0,0.0,0.0,0.0,65.950,64.611,,,012010
012011,Columbus Performance Academy,012011,Columbus Performance Academy,Franklin,Region 11,2 Easton Oval Ste 525,"Columbus, OH, 43219-7008",(614) 318-0720,,69.472,57.9,D,0.0,32.1,26.8,20.0,15.8,5.3,0.0,0.000,0.0,0.0,0.0,0.0,0.0,0.0,0.0,0.0,60.614,61.745,,,012011
012025,Constellation Schools: Stockyard Community Middle,012025,Constellation Schools: Stockyard Community Middle,Cuyahoga,Region 3,5730 Broadview Rd,"Parma, OH, 44134-1602",(216) 961-5052,Amber J. Steele,60.601,50.5,D,0.0,44.3,25.1,18.0,8.7,3.8,0.0,0.000,0.0,0.0,0.0,0.0,0.0,0.0,0.0,0.0,49.845,59.077,,,012025
012026,Constellation Schools: Collinwood Village Academy,012026,Constellation Schools: Collinwood Village Academy,Cuyahoga,Region 3,5730 Broadview Rd,"Parma, OH, 44134-1602",(216) 451-4022,Bethany A. Scott,73.333,61.1,D,0.5,23.2,30.8,25.3,16.2,4.0,0.0,0.000,0.0,0.0,0.0,0.0,0.0,0.0,0.0,0.0,63.583,80.698,,,012026
012029,Citizens Leadership Academy,043786,Cleveland Municipal,Cuyahoga,Region 3,9711 Lamont Ave,"Cleveland, OH, 44106-4124",(216) 229-8185,Sydney S. Gruhin,75.664,63.1,D,0.4,23.9,24.8,28.6,16.5,5.7,0.0,0.000,0.0,0.0,0.0,0.0,0.0,0.0,0.0,0.0,77.788,80.528,,,012029
012030,Near West Intergenerational School,043786,Cleveland Municipal,Cuyahoga,Region 3,3805 Terrett Ave,"Cleveland, OH, 44113-2847",(216) 961-4308,Molly R. Toussant,89.524,74.6,C,1.2,12.3,18.3,24.2,21.8,22.2,0.0,0.000,0.0,0.0,0.0,0.0,0.0,0.0,0.0,0.0,89.302,91.271,,,012030
012031,Entrepreneurship Preparatory School - Woodland Hills Campus,043786,Cleveland Municipal,Cuyahoga,Region 3,9201 Crane Ave,"Cleveland, OH, 44105-1627",(216) 298-1164,,63.957,53.3,D,0.1,37.7,27.3,23.3,9.4,2.3,0.0,0.000,0.0,0.0,0.0,0.0,0.0,0.0,0.0,0.0,66.524,84.012,,,012031
012033,Foxfire Intermediate School,048850,Maysville Local,Muskingum,Region 12,2805 Pinkerton Ln,"Zanesville, OH, 43701-8593",(740) 453-4509,Amanda K. Matthews,102.500,85.4,B,0.0,5.0,15.0,5.0,30.0,45.0,0.0,0.000,0.0,0.0,0.0,0.0,0.0,0.0,0.0,0.0,57.406,38.950,,,012033
012045,Patriot Preparatory Academy,012045,Patriot Preparatory Academy,Franklin,Region 11,4938 Beatrice Dr,"Columbus, OH, 43227-2113",(614) 864-5332,,73.393,61.2,D,0.0,23.6,30.0,31.0,12.0,3.5,0.0,NC,NC,0.0,0.0,0.0,0.0,100.0,0.0,0.0,66.655,85.289,,,012045
012054,North Central Academy,123257,North Central Ohio ESC,Seneca,Region 1,928 W Market St Ste B,"Tiffin, OH, 44883-2529",(419) 448-5786,,55.889,46.6,F,0.0,52.2,20.0,23.3,4.4,0.0,0.0,0.000,0.0,0.0,0.0,0.0,0.0,0.0,0.0,0.0,51.068,69.828,,,012054
012060,Akros Middle School,012060,Akros Middle School,Summit,Region 8,265 Park St,"Akron, OH, 44304-1305",(330) 374-6704,,59.502,49.6,F,0.0,46.4,23.4,19.0,9.0,2.2,0.0,0.000,0.0,0.0,0.0,0.0,0.0,0.0,0.0,0.0,58.558,72.907,,,012060
012078,Quest Community School,012931,Office of School Sponsorship,Franklin,Region 3,12000 Snow Rd Ste 4,"Parma, OH, 44130-9313",(216) 220-4412,Katherine M. Gulliford,NC,NC,NR,0.0,60.0,20.0,20.0,0.0,0.0,0.0,0.000,0.0,0.0,0.0,0.0,0.0,0.0,0.0,0.0,NC,67.273,,,012078
012105,Southside Academy,012105,Southside Academy,Mahoning,Region 5,1400 Oak Hill Ave,"Youngstown, OH, 44507-1018",(330) 774-5562,Stephanie A. Groscost,55.114,45.9,F,0.0,45.8,33.3,15.9,4.5,0.4,0.0,0.000,0.0,0.0,0.0,0.0,0.0,0.0,0.0,0.0,49.465,52.132,,,012105
012501,Beacon Hill Academy,050526,Tri-County ESC,Wayne,Region 9,PO Box 285,"Mount Eaton, OH, 44659-0285",(330) 359-5600,Bradley A. Herman,93.709,78.1,C,0.0,9.9,13.2,31.1,31.8,13.9,0.0,0.000,0.0,0.0,0.0,0.0,0.0,0.0,0.0,0.0,80.823,66.886,,,012501
012513,Madisonville SMART Elementary,012513,Madisonville SMART Elementary,Hamilton,Region 13,4324 Homer Ave,"Cincinnati, OH, 45227-2943",(513) 241-1101,LEAH N. Donley,55.587,46.3,F,0.0,49.5,26.7,15.9,6.7,1.3,0.0,0.000,0.0,0.0,0.0,0.0,0.0,0.0,0.0,0.0,50.426,65.659,,,012513
012536,Newbridge Math & Reading Preparatory Academy,012536,Newbridge Math & Reading Preparatory Academy,Franklin,Region 11,3850 Sullivant Ave,"Columbus, OH, 43228-4327",(614) 279-6000,Andrew D. Carr,43.977,36.6,F,0.0,70.1,18.2,9.5,1.5,0.8,0.0,0.000,0.0,0.0,0.0,0.0,0.0,0.0,0.0,0.0,45.362,64.609,,,012536
012541,University of Cleveland Preparatory School,012541,University of Cleveland Preparatory School,Cuyahoga,Region 3,1906 E 40th St,"Cleveland, OH, 44103-3557",(216) 361-9720,Kenan J. Bishop,57.112,47.6,F,0.6,45.9,28.0,17.2,5.4,2.8,0.0,0.000,0.0,0.0,0.0,0.0,0.0,0.0,0.0,0.0,55.630,74.175,,,012541
012545,Imagine Woodbury Academy,050401,Warren County ESC,Warren,Region 10,100 E Woodbury Dr,"Dayton, OH, 45415-2841",(937) 277-1710,,48.846,40.7,F,0.0,60.8,23.8,8.5,4.6,2.3,0.0,0.000,0.0,0.0,0.0,0.0,0.0,0.0,0.0,0.0,46.194,51.731,,,012545
012558,Global Village Academy,012931,Office of School Sponsorship,Franklin,Region 3,5720 State Rd,"Parma, OH, 44134-2564",(216) 767-5956,Anna P. Holowatyj,100.419,83.7,B,0.0,6.0,8.4,29.3,33.0,22.8,0.5,NC,NC,0.0,0.0,0.0,0.0,0.0,0.0,100.0,94.469,101.813,,,012558
012627,STEAM Academy of Akron,012627,STEAM Academy of Akron,Summit,Region 8,1350 Virginia Ave,"Akron, OH, 44306-3603",(330) 773-1100,Nova D. O'Callaghan,72.353,60.3,D,0.0,29.4,24.0,26.0,15.7,4.9,0.0,0.000,0.0,0.0,0.0,0.0,0.0,0.0,0.0,0.0,59.836,71.519,,,012627
012644,STEAM Academy of Warren,012644,STEAM Academy of Warren,Trumbull,Region 5,261 Elm Rd NE,"Warren, OH, 44483-5003",(330) 394-3200,Jonathan A. Natko,56.667,47.2,F,0.0,48.8,26.3,15.4,6.3,3.3,0.0,0.000,0.0,0.0,0.0,0.0,0.0,0.0,0.0,0.0,51.095,67.901,,,012644
012671,Constellation Schools: Eastside Arts Academy,012671,Constellation Schools: Eastside Arts Academy,Cuyahoga,Region 3,6700 Lansing Ave,"Cleveland, OH, 44105-3756",(216) 441-9830,Katherine A. Rybak,57.798,48.2,F,0.0,49.4,23.2,15.5,7.1,4.8,0.0,0.000,0.0,0.0,0.0,0.0,0.0,0.0,0.0,0.0,52.308,73.596,,,012671
012684,Broadway Academy,012684,Broadway Academy,Cuyahoga,Region 3,3398 E 55th St,"Cleveland, OH, 44127-1691",(216) 271-7747,Sherree M. Ray-Dillions,39.346,32.8,F,1.7,73.6,19.1,3.6,1.7,0.2,0.0,0.000,0.0,0.0,0.0,0.0,0.0,0.0,0.0,0.0,44.646,47.286,,,012684
012852,Citizens Academy East,043786,Cleveland Municipal,Cuyahoga,Region 3,12523 Woodside Ave,"Cleveland, OH, 44108-2422",(216) 367-9392,,81.718,68.1,D,0.6,19.2,21.5,28.0,17.6,13.1,0.0,0.000,0.0,0.0,0.0,0.0,0.0,0.0,0.0,0.0,79.041,92.157,,,012852
012924,DECA PREP,012924,DECA PREP,Montgomery,Region 10,200 Homewood Ave,"Dayton, OH, 45405-4328",(937) 610-0110,,78.642,65.5,D,0.0,20.7,24.7,31.7,15.7,7.2,0.0,0.000,0.0,0.0,0.0,0.0,0.0,0.0,0.0,0.0,68.158,91.911,,,012924
012951,Columbus Collegiate Academy - West,012951,Columbus Collegiate Academy - West,Franklin,Region 11,300 Dana Ave,"Columbus, OH, 43223-1310",(614) 545-9570,Nathan G. Parker,67.651,56.4,D,0.4,36.8,21.8,21.2,13.9,5.8,0.0,0.000,0.0,0.0,0.0,0.0,0.0,0.0,0.0,0.0,67.714,84.411,,,012951
013030,Graham Primary School,013030,Graham Primary School,Franklin,Region 11,3950 Indianola Ave,"Columbus, OH, 43214-3167",(614) 253-4001,James M. Kutnow,67.284,56.1,D,0.0,39.6,19.8,19.8,12.1,8.6,0.0,0.000,0.0,0.0,0.0,0.0,0.0,0.0,0.0,0.0,66.293,74.237,,,013030
013034,Village Preparatory School:: Woodland Hills Campus,043786,Cleveland Municipal,Cuyahoga,Region 3,9201 Crane Ave,"Cleveland, OH, 44105-1627",(216) 298-1164,Christopher J. O'Brien,77.698,64.7,D,0.0,24.8,21.5,25.6,19.7,8.4,0.0,0.000,0.0,0.0,0.0,0.0,0.0,0.0,0.0,0.0,64.455,67.109,,,013034
013082,The Haley School,013082,The Haley School,Cuyahoga,Region 3,4901 Galaxy Pkwy Ste A,"Warrensville Heights, OH, 44128-5948",(216) 591-9190,Constance H. Williams,58.149,48.5,F,3.2,41.6,27.0,17.4,8.2,2.5,0.0,0.000,0.0,0.0,0.0,0.0,0.0,0.0,0.0,0.0,60.220,58.962,,,013082
013132,Lake Erie College Preparatory School,013132,Lake Erie College Preparatory School,Cuyahoga,Region 3,14405 Saint Clair Ave,"Cleveland, OH, 44110-3433",(216) 453-4556,Denecia M. Dillard,49.291,41.1,F,0.0,55.4,30.9,10.1,3.2,0.5,0.0,0.000,0.0,0.0,0.0,0.0,0.0,0.0,0.0,0.0,46.239,55.531,,,013132
013146,STEAM Academy of Dayton,013146,STEAM Academy of Dayton,Montgomery,Region 10,545 Odlin Ave,"Dayton, OH, 45405-2743",(937) 262-7063,Debra A. Johnson,46.847,39.0,F,0.0,67.2,17.0,10.6,3.2,2.0,0.0,0.000,0.0,0.0,0.0,0.0,0.0,0.0,0.0,0.0,47.097,64.044,,,013146
013147,STEAM Academy of Warrensville Heights,013147,STEAM Academy of Warrensville Heights,Cuyahoga,Region 3,4700 Richmond Rd Ste 3000,"Warrensville Heights, OH, 44128-5984",(216) 595-2866,Gary D. Lane,65.148,54.3,D,0.0,38.5,25.2,19.6,11.5,5.2,0.0,0.000,0.0,0.0,0.0,0.0,0.0,0.0,0.0,0.0,56.649,68.370,,,013147
013148,Stepstone Academy,043786,Cleveland Municipal,Cuyahoga,Region 3,2121 E 32nd St,"Cleveland, OH, 44115-2747",(440) 260-6480,,52.594,43.8,F,0.0,52.3,28.0,15.5,4.2,0.0,0.0,0.000,0.0,0.0,0.0,0.0,0.0,0.0,0.0,0.0,51.579,88.600,,,013148
013170,Hope Academy for Autism,013170,Hope Academy for Autism,Trumbull,Region 5,1628 Niles Rd SE,"Warren, OH, 44484-5111",(330) 469-9501,,57.303,47.8,F,5.6,48.3,13.5,16.9,10.1,5.6,0.0,0.000,0.0,0.0,0.0,0.0,0.0,0.0,0.0,0.0,57.059,55.588,,,013170
013173,Imagine Hill Avenue,013173,Imagine Hill Avenue,Lucas,Region 1,6145 Hill Ave,"Toledo, OH, 43615-5600",(419) 867-8167,Sarah A. Carstensen,68.951,57.5,D,0.0,35.0,22.4,23.1,15.4,4.2,0.0,0.000,0.0,0.0,0.0,0.0,0.0,0.0,0.0,0.0,67.619,70.338,,,013173
013175,SunBridge Schools,013175,SunBridge Schools,Lucas,Region 1,2105 N McCord Rd,"Toledo, OH, 43615-3032",(419) 725-5437,Aaron L. Grizaniuk,60.176,50.1,D,0.0,40.3,31.2,21.5,5.6,1.5,0.0,0.000,0.0,0.0,0.0,0.0,0.0,0.0,0.0,0.0,51.661,61.767,,,013175
013195,Academy of Educational Excellence,123257,North Central Ohio ESC,Seneca,Region 1,728 Parkside Blvd,"Toledo, OH, 43607",,Israel Irizarry,50.064,41.7,F,0.0,55.8,27.6,15.4,1.3,0.0,0.0,0.000,0.0,0.0,0.0,0.0,0.0,0.0,0.0,0.0,45.942,82.115,,,013195
013198,Brookwood Academy,013198,Brookwood Academy,Franklin,Region 11,2685 E Livingston Ave,"Columbus, OH, 43209-2961",(614) 231-1199,,36.822,30.7,F,0.0,86.9,7.5,0.9,2.8,1.9,0.0,0.000,0.0,0.0,0.0,0.0,0.0,0.0,0.0,0.0,40.921,32.053,,,013198
013199,Nexus Academy of Cleveland,013199,Nexus Academy of Cleveland,Cuyahoga,Region 3,4850 Pearl Rd,"Cleveland, OH, 44109-4138",(216) 741-2991,John D. Psenicska,63.803,53.2,D,0.0,37.3,28.2,25.4,6.3,2.8,0.0,0.000,0.0,0.0,0.0,0.0,0.0,0.0,0.0,0.0,64.186,83.066,,,013199
013200,Nexus Academy of Toledo,013200,Nexus Academy of Toledo,Lucas,Region 1,600 Jefferson Ave,"Toledo, OH, 43604-1071",(419) 244-8875,,62.444,52.0,D,0.0,37.8,31.1,20.0,8.9,2.2,0.0,0.000,0.0,0.0,0.0,0.0,0.0,0.0,0.0,0.0,67.093,90.706,,,013200
013201,Nexus Academy of Columbus,013201,Nexus Academy of Columbus,Franklin,Region 11,4689 Hilton Corporate Dr,"Columbus, OH, 43232-4152",(614) 866-4761,Patrick R. Hickman,58.880,49.1,F,0.0,48.0,21.6,22.4,4.8,3.2,0.0,0.000,0.0,0.0,0.0,0.0,0.0,0.0,0.0,0.0,57.684,85.641,,,013201
013232,A+ Children's Academy,013232,A+ Children's Academy,Franklin,Region 11,114 Obetz Rd,"Columbus, OH, 43207-4031",(614) 491-8502,,70.214,58.5,D,0.0,27.9,30.7,27.9,7.1,6.4,0.0,0.000,0.0,0.0,0.0,0.0,0.0,0.0,0.0,0.0,63.103,77.398,,,013232
013253,Ohio College Preparatory School,013253,Ohio College Preparatory School,Cuyahoga,Region 3,21100 Southgate Park Blvd,"Maple Heights, OH, 44137-3004",(216) 453-4550,Robert Williams,58.066,48.4,F,0.0,47.9,24.8,15.6,7.9,3.7,0.0,0.000,0.0,0.0,0.0,0.0,0.0,0.0,0.0,0.0,51.949,56.466,,,013253
013254,Akron Preparatory School,013254,Akron Preparatory School,Summit,Region 8,1200 E Market St Ste 3360,"Akron, OH, 44305-4018",(330) 247-6232,Donald L. Gordon Jr,57.890,48.2,F,0.0,48.0,24.5,18.0,6.1,3.4,0.0,0.000,0.0,0.0,0.0,0.0,0.0,0.0,0.0,0.0,67.042,74.535,,,013254
013255,Canton College Preparatory School,013255,Canton College Preparatory School,Stark,Region 9,101 Cleveland Ave NW,"Canton, OH, 44702-1707",(330) 455-0498,Darryl M. Lindsay,65.272,54.4,D,0.0,37.1,26.9,21.1,10.2,4.8,0.0,0.000,0.0,0.0,0.0,0.0,0.0,0.0,0.0,0.0,61.961,65.323,,,013255
013864,Cincinnati Technology Academy,013864,Cincinnati Technology Academy,Hamilton,Region 13,3800 Glenway Ave,"Cincinnati, OH, 45205-1436",(513) 471-7323,,50.297,41.9,F,0.5,56.4,24.8,16.8,1.0,0.5,0.0,0.000,0.0,0.0,0.0,0.0,0.0,0.0,0.0,0.0,50.302,40.131,,,013864
013892,Franklinton Preparatory Academy,013892,Franklinton Preparatory Academy,Franklin,Region 11,40 Chicago Ave,"Columbus, OH, 43222-1132",(614) 636-3721,Martin S. Griffith,40.500,33.8,F,12.0,54.0,25.0,7.0,1.0,1.0,0.0,0.000,0.0,0.0,0.0,0.0,0.0,0.0,0.0,0.0,55.821,76.500,,,013892
013967,Cincinnati Learning Schools,013967,Cincinnati Learning Schools,Hamilton,Region 13,5641 Belmont Ave,"Cincinnati, OH, 45224-3101",(513) 783-1025,Yolanda D. Cooper,52.813,44.0,F,0.4,52.7,26.2,15.6,4.3,0.8,0.0,0.000,0.0,0.0,0.0,0.0,0.0,0.0,0.0,0.0,44.200,62.076,,,013967
013994,"Albert Einstein Academy for Letters, Arts and Sciences-Ohio",123257,North Central Ohio ESC,Seneca,Region 3,3600 Crocker Rd,"Westlake, OH, 44145-6314",,,82.688,68.9,D,0.0,19.1,19.9,30.1,21.8,9.1,0.0,NC,NC,0.0,0.0,0.0,20.0,40.0,40.0,0.0,80.169,91.984,,,013994
013999,Rise & Shine Academy,123257,North Central Ohio ESC,Seneca,Region 1,3248 Warsaw St,"Toledo, OH, 43608-1852",(419) 244-9900,Tashlai McKinstry,80.000,66.7,D,3.7,23.5,14.8,19.8,16.0,22.2,0.0,0.000,0.0,0.0,0.0,0.0,0.0,0.0,0.0,0.0,57.368,65.000,,,013999
014061,Chapelside Cleveland Academy,014061,Chapelside Cleveland Academy,Cuyahoga,Region 3,3845 E 131st St,"Cleveland, OH, 44120-4661",(216) 283-6589,Anna M. Barrett,52.652,43.9,F,0.0,55.5,24.6,10.5,5.2,4.1,0.0,0.000,0.0,0.0,0.0,0.0,0.0,0.0,0.0,0.0,48.447,57.046,,,014061
014063,University Academy,014063,University Academy,Summit,Region 8,107 S Arlington St,"Akron, OH, 44306-1328",(330) 535-7728,Willie Banks,51.517,42.9,F,0.9,55.9,22.7,15.6,2.4,2.4,0.0,0.000,0.0,0.0,0.0,0.0,0.0,0.0,0.0,0.0,45.105,46.213,,,014063
014064,Winton Preparatory Academy,014064,Winton Preparatory Academy,Hamilton,Region 13,4750 Winton Rd,"Cincinnati, OH, 45232-1501",(513) 276-4166,Caroline A. Hill,44.991,37.5,F,0.0,68.8,18.7,7.5,4.1,0.9,0.0,0.000,0.0,0.0,0.0,0.0,0.0,0.0,0.0,0.0,52.895,63.309,,,014064
014065,Lincoln Park Academy,014065,Lincoln Park Academy,Cuyahoga,Region 3,3185 W 41st St,"Cleveland, OH, 44109-1275",(216) 263-7008,Alissa M. Clugh,60.395,50.3,D,0.0,45.6,23.4,17.6,10.0,3.3,0.0,0.000,0.0,0.0,0.0,0.0,0.0,0.0,0.0,0.0,43.937,51.250,,,014065
014066,Main Preparatory Academy,014066,Main Preparatory Academy,Summit,Region 8,1035 Clay St,"Akron, OH, 44301-1517",(234) 738-1925,Nikita M. Tidwell,66.163,55.1,D,0.0,32.6,31.4,25.6,5.8,4.7,0.0,0.000,0.0,0.0,0.0,0.0,0.0,0.0,0.0,0.0,53.373,NC,,,014066
014081,Insight School of Ohio,014081,Insight School of Ohio,Franklin,Region 11,2760 Airport Dr Ste 125,"Columbus, OH, 43219-2284",(614) 300-2766,,56.725,47.3,F,1.4,45.0,28.2,18.2,5.7,1.5,0.0,0.000,0.0,0.0,0.0,0.0,0.0,0.0,0.0,0.0,56.132,69.891,,,014081
014090,Berwyn East Academy,123257,North Central Ohio ESC,Seneca,Region 11,1850 Bostwick Rd,"Columbus, OH, 43227-3374",(614) 564-9548,Shannan J. Jones,51.149,42.6,F,0.0,53.4,30.4,11.5,2.7,2.0,0.0,0.000,0.0,0.0,0.0,0.0,0.0,0.0,0.0,0.0,56.614,85.000,,,014090
014091,Hope Learning Academy of Toledo,123257,North Central Ohio ESC,Seneca,Region 1,4234 Monroe St,"Toledo, OH, 43606-1938",,Justin P. Bryson,50.096,41.7,F,0.0,56.7,26.9,11.5,3.8,1.0,0.0,0.000,0.0,0.0,0.0,0.0,0.0,0.0,0.0,0.0,50.971,61.250,,,014091
014094,Lawrence County Academy,047910,Lawrence County ESC,Lawrence,Region 15,11627 State Route 243,"Chesapeake, OH, 45619-7962",(740) 867-6641,,40.000,33.3,F,0.0,81.5,7.4,11.1,0.0,0.0,0.0,0.000,0.0,0.0,0.0,0.0,0.0,0.0,0.0,0.0,48.182,51.930,,,014094
014121,Imagine Leadership Academy,123257,North Central Ohio ESC,Seneca,Region 8,2405 Romig Rd,"Akron, OH, 44320-3826",(330) 753-1000,Audrea M. Pettaway,70.875,59.1,D,0.0,28.3,29.2,23.8,13.8,5.0,0.0,0.000,0.0,0.0,0.0,0.0,0.0,0.0,0.0,0.0,57.965,66.923,,,014121
014139,Imagine Columbus Primary School,123257,North Central Ohio ESC,Seneca,Region 11,4656 Heaton Rd,"Columbus, OH, 43229-6612",(614) 433-7510,Melissa A. Hackett,72.375,60.3,D,0.0,31.9,19.4,31.3,10.6,6.9,0.0,0.000,0.0,0.0,0.0,0.0,0.0,0.0,0.0,0.0,59.017,59.875,,,014139
014147,East Preparatory Academy,014147,East Preparatory Academy,Cuyahoga,Region 3,4129 Superior Ave,"Cleveland, OH, 44103-1129",(216) 539-0595,Gretchen J. Beasley,62.393,52.0,D,0.0,41.0,25.9,21.6,8.5,3.0,0.0,0.000,0.0,0.0,0.0,0.0,0.0,0.0,0.0,0.0,55.556,66.768,,,014147
014148,Provost Academy Ohio,014148,Provost Academy Ohio,Franklin,Region 11,1335 Dublin Rd Ste 50A,"Columbus, OH, 43215-7037",(614) 866-7570,,NC,NC,NR,0.0,40.0,20.0,20.0,20.0,0.0,0.0,0.000,0.0,0.0,0.0,0.0,0.0,0.0,0.0,0.0,NC,NC,,,014148
014149,Dayton SMART Elementary School,014149,Dayton SMART Elementary School,Montgomery,Region 10,601 S Keowee St,"Dayton, OH, 45410-1168",(937) 222-2812,,63.711,53.1,D,0.0,40.2,23.7,27.8,3.1,5.2,0.0,0.000,0.0,0.0,0.0,0.0,0.0,0.0,0.0,0.0,57.500,84.500,,,014149
014187,East Academy,014187,East Academy,Cuyahoga,Region 3,15720 Kipling Ave,"Cleveland, OH, 44110-3105",(216) 383-1214,Nehemiah Thomas Jr,53.430,44.5,F,0.5,53.6,23.2,15.7,6.8,0.2,0.0,0.000,0.0,0.0,0.0,0.0,0.0,0.0,0.0,0.0,57.000,57.860,,,014187
014188,Discovery Academy,014188,Discovery Academy,Lucas,Region 1,2740 W Central Ave,"Toledo, OH, 43606-3452",(419) 214-3266,Noah C. Campbell,72.717,60.6,D,0.0,31.1,21.6,25.2,13.2,9.0,0.0,0.000,0.0,0.0,0.0,0.0,0.0,0.0,0.0,0.0,55.746,58.510,,,014188
014189,West Park Academy,014189,West Park Academy,Cuyahoga,Region 3,12913 Bennington Ave,"Cleveland, OH, 44135-3761",(216) 251-5450,Michael F. Jaissle,57.098,47.6,F,0.0,49.3,24.3,16.1,7.1,3.2,0.0,0.000,0.0,0.0,0.0,0.0,0.0,0.0,0.0,0.0,46.817,53.502,,,014189
014194,Watkins Academy,014194,Watkins Academy,Montgomery,Region 10,4401 Dayton Liberty Rd,"Dayton, OH, 45417-5903",(937) 220-9100,Amy L. Smith,NC,NC,NR,NC,NC,NC,NC,NC,NC,NC,NC,NC,NC,NC,NC,NC,NC,NC,NC,46.098,85.000,,,014194
014467,United Preparatory Academy,014467,United Preparatory Academy,Franklin,Region 11,617 W State St,"Columbus, OH, 43215-1310",,Ben R. Pacht,97.051,80.9,B,0.0,5.1,16.7,24.4,34.6,19.2,0.0,0.000,0.0,0.0,0.0,0.0,0.0,0.0,0.0,0.0,NC,NC,,,014467
014825,Buckeye Preparatory Academy,014825,Buckeye Preparatory Academy,Franklin,Region 11,1414 Gault St,"Columbus, OH, 43205-2933",(614) 300-3685,Jul'Yanna M. Collier,42.841,35.7,F,0.0,72.2,17.0,9.7,0.6,0.6,0.0,0.000,0.0,0.0,0.0,0.0,0.0,0.0,0.0,0.0,43.313,53.120,,,014825
014830,Utica Shale Academy of Ohio,047779,Jefferson County ESC,Jefferson,Region 9,38095 State Route 39,"Salineville, OH, 43945-9726",(330) 420-5353,,55.319,46.1,F,0.0,48.9,27.7,19.1,2.1,2.1,0.0,0.000,0.0,0.0,0.0,0.0,0.0,0.0,0.0,0.0,51.429,62.083,,,014830
014858,REACH Academy,014858,REACH Academy,Lucas,Region 1,2014 Consaul St,"Toledo, OH, 43605-1412",(419) 691-4876,Dawn M. Milner,56.263,46.9,F,0.0,51.6,22.5,15.6,7.3,3.1,0.0,0.000,0.0,0.0,0.0,0.0,0.0,0.0,0.0,0.0,49.815,60.723,,,014858
014864,Toledo SMART Elementary School,014864,Toledo SMART Elementary School,Lucas,Region 1,1850 Airport Hwy,"Toledo, OH, 43609-2069",(419) 214-3290,Jessica Molina,57.973,48.3,F,0.0,41.9,33.8,16.2,8.1,0.0,0.0,0.000,0.0,0.0,0.0,0.0,0.0,0.0,0.0,0.0,30.000,NC,,,014864
014904,T2 Honors Academy,014904,T2 Honors Academy,Cuyahoga,Region 3,18450 S Miles Rd,"Warrensville Heights, OH, 44128-4236",(216) 510-5458,,50.564,42.1,F,0.5,53.8,29.2,11.8,4.6,0.0,0.0,0.000,0.0,0.0,0.0,0.0,0.0,0.0,0.0,0.0,50.914,69.494,,,014904
014912,Norwood Conversion Community School,044578,Norwood City,Hamilton,Region 13,2132 Williams Ave,"Norwood, OH, 45212-3806",(513) 924-2702,,52.500,43.8,F,0.0,58.3,20.8,12.5,0.0,8.3,0.0,NC,NC,0.0,0.0,0.0,0.0,0.0,100.0,0.0,NC,77.500,,,014912
014913,Lakeshore Intergenerational School,043786,Cleveland Municipal,Cuyahoga,Region 3,18025 Marcella Rd,"Cleveland, OH, 44119-2615",(216) 586-3872,Robin A. Bartley,90.385,75.3,C,0.0,10.6,18.3,32.7,26.0,12.5,0.0,0.000,0.0,0.0,0.0,0.0,0.0,0.0,0.0,0.0,79.583,NC,,,014913
014927,Steel Academy,014927,Steel Academy,Summit,Region 8,1570 Creighton Ave,"Akron, OH, 44310-2656",(330) 633-1383,,54.091,45.1,F,0.8,53.0,21.2,20.5,4.5,0.0,0.0,0.000,0.0,0.0,0.0,0.0,0.0,0.0,0.0,0.0,NC,63.526,,,014927
014932,Cincinnati Generation Academy,014932,Cincinnati Generation Academy,Hamilton,Region 13,"455 Sherman St., Suite 120","Denver, CO, 80203",(513) 389-0968,Danielle M. Bateman,60.079,50.1,D,0.0,47.2,20.5,22.0,7.1,3.1,0.0,0.000,0.0,0.0,0.0,0.0,0.0,0.0,0.0,0.0,41.847,56.301,,,014932
015234,Zenith Academy West,015234,Zenith Academy West,Franklin,Region 11,3385 South Blvd,"Columbus, OH, 43204-1213",(614) 272-6300,Tina M. Bennett,54.725,45.6,F,0.0,53.1,22.7,15.0,8.4,0.7,0.0,0.000,0.0,0.0,0.0,0.0,0.0,0.0,0.0,0.0,54.293,NC,,,015234
015236,Clark Preparatory Academy,015236,Clark Preparatory Academy,Clark,Region 10,501 S Wittenberg Ave,"Springfield, OH, 45506-2101",(937) 504-1175,STEFANIE P. Page,49.155,41.0,F,0.0,63.4,17.6,14.1,4.2,0.7,0.0,0.000,0.0,0.0,0.0,0.0,0.0,0.0,0.0,0.0,48.056,NC,,,015236
015238,Foxfire East Academy,047308,Rolling Hills Local,Guernsey,Region 12,60901 Beech Grove Ln,"Cambridge, OH, 43725-8909",(740) 432-8170,Paul E. Arick,48.889,40.7,F,0.0,57.8,26.7,15.6,0.0,0.0,0.0,0.000,0.0,0.0,0.0,0.0,0.0,0.0,0.0,0.0,NC,NC,,,015238
015239,Stonebrook Montessori,043786,Cleveland Municipal,Cuyahoga,Region 3,975 East Blvd,"Cleveland, OH, 44108-2970",,Jacqueline E. Miller,52.308,43.6,F,0.0,57.7,19.2,19.2,3.8,0.0,0.0,0.000,0.0,0.0,0.0,0.0,0.0,0.0,0.0,0.0,NC,NC,,,015239
015241,Ohio Valley Energy Technology Academy,047787,Buckeye Local,Jefferson,Region 12,10692 State Route 150,"Rayland, OH, 43943-7847",(740) 769-7395,,54.000,45.0,F,8.6,42.9,20.0,22.9,5.7,0.0,0.0,0.000,0.0,0.0,0.0,0.0,0.0,0.0,0.0,0.0,48.596,NC,,,015241
015261,Citizens Academy Southeast,043786,Cleveland Municipal,Cuyahoga,Region 3,17900 Harvard Ave,"Cleveland, OH, 44128-1736",(216) 586-3887,Lachelle M. Dixon,78.889,65.7,D,0.0,20.8,23.6,33.3,15.3,6.9,0.0,0.000,0.0,0.0,0.0,0.0,0.0,0.0,0.0,0.0,NC,NC,,,015261
015709,Beacon Academy,015709,Beacon Academy,Stark,Region 9,1379 Garfield Ave SW,"Canton, OH, 44706-5200",(330) 941-5852,,44.762,37.3,F,0.0,70.3,16.1,9.9,2.9,0.7,0.0,0.000,0.0,0.0,0.0,0.0,0.0,0.0,0.0,0.0,NC,NC,,,015709
015710,Bridge Gate Community School,015710,Bridge Gate Community School,Franklin,Region 11,4060 Sullivant Ave,"Columbus, OH, 43228-5102",(614) 501-3820,Brian W. Collier,38.511,32.1,F,0.0,80.9,12.8,4.3,2.1,0.0,0.0,0.000,0.0,0.0,0.0,0.0,0.0,0.0,0.0,0.0,NC,NC,,,015710
015713,East Branch Preparatory AcademydbaWright Preparatory Academy,015713,East Branch Preparatory AcademydbaWright Preparatory Academy,Stark,Region 9,1500 Superior Ave NE,"Canton, OH, 44705-1956",(234) 207-5455,Kenneth A. Debos,45.725,38.1,F,0.0,63.8,25.4,7.2,2.2,1.4,0.0,0.000,0.0,0.0,0.0,0.0,0.0,0.0,0.0,0.0,NC,NC,,,015713
015722,Village Preparatory School Willard,043786,Cleveland Municipal,Cuyahoga,Region 3,9401 Willard Ave,"Cleveland, OH, 44102-3706",(216) 586-3892,Cherrelle D. Turner,NC,NC,NR,NC,NC,NC,NC,NC,NC,NC,NC,NC,NC,NC,NC,NC,NC,NC,NC,NC,NC,,,015722
015736,iLEAD Spring Meadows,015736,iLEAD Spring Meadows,Lucas,Region 1,1615 Timber Wolf Dr,"Holland, OH, 43528-8304",(419) 491-7423,,74.333,61.9,D,0.0,23.3,28.3,33.3,10.0,5.0,0.0,0.000,0.0,0.0,0.0,0.0,0.0,0.0,0.0,0.0,NC,NC,,,015736
015737,Global Ambassadors Language Academy,015737,Global Ambassadors Language Academy,Cuyahoga,Region 3,13442 Lorain Ave,"Cleveland, OH, 44111-3432",(216) 315-7942,Michael C. Salwiesz,NC,NC,NR,NC,NC,NC,NC,NC,NC,NC,NC,NC,NC,NC,NC,NC,NC,NC,NC,NC,NC,,,015737
015741,Westwood Preparatory Academy,015741,Westwood Preparatory Academy,Franklin,Region 11,"840 W. State Street, Suite 200","Columbus, OH, 43222",(330) 510-5400,Christopher J. Antjas,56.197,46.8,F,0.0,53.5,20.4,11.3,11.3,3.5,0.0,0.000,0.0,0.0,0.0,0.0,0.0,0.0,0.0,0.0,NC,NC,,,015741
132746,Summit Acdy Comm Schl for Alternative Learners of Middletown,132746,Summit Acdy Comm Schl for Alternative Learners of Middletown,Butler,Region 13,4700 Central Ave,"Middletown, OH, 45044-5354",(513) 422-8540,Megan N. Bockelman,69.882,58.2,D,0.0,33.5,24.7,18.8,13.5,9.4,0.0,0.000,0.0,0.0,0.0,0.0,0.0,0.0,0.0,0.0,59.130,57.516,,,132746
132761,Summit Academy Community School Alternative Learners -Xenia,132761,Summit Academy Community School Alternative Learners -Xenia,Greene,Region 10,1694 Pawnee Dr,"Xenia, OH, 45385-4126",(937) 372-5210,Cassy M. Stidham,54.349,45.3,F,3.2,54.9,14.0,15.9,8.6,3.5,0.0,0.000,0.0,0.0,0.0,0.0,0.0,0.0,0.0,0.0,55.634,60.967,,,132761
132779,Summit Academy Akron Middle School,132779,Summit Academy Akron Middle School,Summit,Region 8,464 S Hawkins Ave Ste 100,"Akron, OH, 44320-1228",(330) 252-1510,Crystal J. Phillips,56.510,47.1,F,0.7,59.1,10.7,11.4,8.1,10.1,0.0,0.000,0.0,0.0,0.0,0.0,0.0,0.0,0.0,0.0,57.172,67.752,,,132779
132944,Miami Valley Academies,132944,Miami Valley Academies,Montgomery,Region 10,5656 Springboro Pike,"Dayton, OH, 45449-2806",(937) 294-4522,Marvis Meeks,57.917,48.3,F,0.0,50.7,20.1,16.7,10.4,2.1,0.0,0.000,0.0,0.0,0.0,0.0,0.0,0.0,0.0,0.0,56.387,63.568,,,132944
132951,Constellation Schools: Lorain Community Elementary,132951,Constellation Schools: Lorain Community Elementary,Lorain,Region 2,5983 W 54th St,"Parma, OH, 44129-3854",(440) 204-2130,Melisa R. Shady,92.966,77.5,C,0.0,8.9,15.7,32.6,30.9,11.9,0.0,0.000,0.0,0.0,0.0,0.0,0.0,0.0,0.0,0.0,82.877,85.225,,,132951
132969,Constellation Schools: Elyria Community,132969,Constellation Schools: Elyria Community,Lorain,Region 2,300 N Abbe Rd,"Elyria, OH, 44035-3715",(440) 366-5225,Eric J. Fortuna,90.995,75.8,C,0.0,10.8,17.9,30.9,23.6,16.8,0.0,0.000,0.0,0.0,0.0,0.0,0.0,0.0,0.0,0.0,84.725,85.603,,,132969
132993,Constellation Schools: Westpark Community Elementary,132993,Constellation Schools: Westpark Community Elementary,Cuyahoga,Region 3,16210 Lorain Ave,"Cleveland, OH, 44111-5521",(216) 688-0271,Sheila M. Delzani,104.419,87.0,B,0.0,2.0,7.6,27.9,36.2,26.2,0.0,0.000,0.0,0.0,0.0,0.0,0.0,0.0,0.0,0.0,95.987,93.503,,,132993
133215,"Intergenerational School, The",043786,Cleveland Municipal,Cuyahoga,Region 3,11327 Shaker Blvd Ste 200 E.,"Cleveland, OH, 44104-3805",(216) 721-0120,Silvia Kruger,86.595,72.2,C,0.0,13.8,20.6,32.5,21.5,11.7,0.0,0.000,0.0,0.0,0.0,0.0,0.0,0.0,0.0,0.0,77.213,85.926,,,133215
133256,Constellation Schools: Parma Community,133256,Constellation Schools: Parma Community,Cuyahoga,Region 3,7667 Day Dr Fl 1ST,"Parma, OH, 44129-5603",(440) 888-5490,Linda M. Geyer,82.595,68.8,D,0.3,19.2,19.8,29.5,20.2,11.1,0.0,0.000,0.0,0.0,0.0,0.0,0.0,0.0,0.0,0.0,82.507,89.811,,,133256
133280,Washington Park Community School,133280,Washington Park Community School,Cuyahoga,Region 3,4000 Washington Park Blvd,"Newburgh Heights, OH, 44105-3248",(216) 271-6055,,59.515,49.6,F,0.0,41.4,31.7,16.8,8.1,1.9,0.0,0.000,0.0,0.0,0.0,0.0,0.0,0.0,0.0,0.0,62.246,70.398,,,133280
133306,Summit Academy Community School for Alternative Learn-Canton,133306,Summit Academy Community School for Alternative Learn-Canton,Stark,Region 9,1620 Market Ave S,"Canton, OH, 44707-3778",(330) 458-0393,Robert E. Housel,55.992,46.7,F,0.4,53.4,19.8,14.1,7.3,5.0,0.0,0.000,0.0,0.0,0.0,0.0,0.0,0.0,0.0,0.0,54.364,60.321,,,133306
133322,Summit Academy Community School Alternative Learners-Lorain,133322,Summit Academy Community School Alternative Learners-Lorain,Lorain,Region 2,2140 E 36th St,"Lorain, OH, 44055-2756",(440) 277-4110,Albert J. Charpentier,68.950,57.5,D,2.2,26.5,30.9,25.4,8.8,6.1,0.0,0.000,0.0,0.0,0.0,0.0,0.0,0.0,0.0,0.0,61.955,59.528,,,133322
133330,T.C.P. World Academy,133330,T.C.P. World Academy,Hamilton,Region 13,6000 Ridge Ave,"Cincinnati, OH, 45213-1624",(513) 531-9500,Karen Y. French,91.954,76.6,C,0.0,9.2,18.0,33.7,22.4,16.6,0.0,0.000,0.0,0.0,0.0,0.0,0.0,0.0,0.0,0.0,91.245,73.156,,,133330
133348,Richard Allen Preparatory,133348,Richard Allen Preparatory,Montgomery,Region 10,627 Salem Ave,"Dayton, OH, 45406-5822",(937) 723-7721,Yolanda A. Clark,NC,NC,NR,NC,NC,NC,NC,NC,NC,NC,NC,NC,NC,NC,NC,NC,NC,NC,NC,NC,NC,,,133348
133413,Electronic Classroom Of Tomorrow,133413,Electronic Classroom Of Tomorrow,Franklin,Region 11,3700 S High St Ste 95,"Columbus, OH, 43207-4083",(614) 492-8884,Cathy A. Blankenship,55.064,45.9,F,5.6,43.9,24.0,18.0,6.6,1.8,0.0,0.000,0.0,0.0,0.0,0.0,0.0,0.0,0.0,0.0,53.975,70.745,,,133413
133421,"Graham School, The",133421,"Graham School, The",Franklin,Region 11,3950 Indianola Ave,"Columbus, OH, 43214-3158",(614) 262-1111,Gregory C. Brown,62.793,52.3,D,0.0,41.4,23.4,26.1,6.3,2.7,0.0,0.000,0.0,0.0,0.0,0.0,0.0,0.0,0.0,0.0,66.787,86.720,,,133421
133439,Cornerstone Academy Community School,133439,Cornerstone Academy Community School,Franklin,Region 11,6015 E Walnut St,"Westerville, OH, 43081-9620",(614) 775-0615,Natalee M. Long,90.916,75.8,C,0.0,10.0,18.7,31.9,24.7,14.7,0.0,0.000,0.0,0.0,0.0,0.0,0.0,0.0,0.0,0.0,87.510,91.737,,,133439
133454,Dayton Leadership Academies-Dayton View Campus,133454,Dayton Leadership Academies-Dayton View Campus,Montgomery,Region 10,1416 W Riverview Ave,"Dayton, OH, 45402-6217",(937) 567-9426,,48.133,40.1,F,0.0,61.6,23.3,10.9,3.1,1.1,0.0,0.000,0.0,0.0,0.0,0.0,0.0,0.0,0.0,0.0,47.148,70.742,,,133454
133504,Phoenix Community Learning Ctr,133504,Phoenix Community Learning Ctr,Hamilton,Region 13,3595 Washington Ave,"Cincinnati, OH, 45229-2609",(513) 351-5801,Elaine M. Wilson,51.929,43.3,F,1.5,54.4,23.3,13.5,6.0,1.2,0.0,0.000,0.0,0.0,0.0,0.0,0.0,0.0,0.0,0.0,73.356,77.657,,,133504
133512,Cincinnati College Preparatory Academy,133512,Cincinnati College Preparatory Academy,Hamilton,Region 13,1425 Linn St,"Cincinnati, OH, 45214-2605",(513) 684-0777,Tiffany J. Williams,65.689,54.7,D,0.0,34.7,29.1,23.1,9.6,3.4,0.0,0.000,0.0,0.0,0.0,0.0,0.0,0.0,0.0,0.0,60.491,79.043,,,133512
133520,Citizens Academy,043786,Cleveland Municipal,Cuyahoga,Region 3,10118 Hampden Ave,"Cleveland, OH, 44108-3538",(216) 791-4195,Kimberly A. Peterlin,79.267,66.1,D,0.0,20.1,23.6,34.2,16.9,5.2,0.0,0.000,0.0,0.0,0.0,0.0,0.0,0.0,0.0,0.0,75.464,84.497,,,133520
133538,"Edge Academy, The",133538,"Edge Academy, The",Summit,Region 8,92 N Union St,"Akron, OH, 44304-1347",(330) 535-4581,,68.685,57.2,D,0.0,32.9,25.6,26.3,11.1,4.2,0.0,0.000,0.0,0.0,0.0,0.0,0.0,0.0,0.0,0.0,66.019,75.150,,,133538
133561,Millennium Community School,133561,Millennium Community School,Franklin,Region 11,3500 Refugee Rd,"Columbus, OH, 43232-4862",(614) 255-5585,,60.012,50.0,D,0.0,44.2,25.9,20.4,6.3,3.2,0.0,0.000,0.0,0.0,0.0,0.0,0.0,0.0,0.0,0.0,53.604,60.824,,,133561
133587,Summit Academy Akron Elementary School,133587,Summit Academy Akron Elementary School,Summit,Region 8,2503 Leland Ave,"Akron, OH, 44312-2426",(330) 253-7441,Dawn R. Presley,70.345,58.6,D,0.0,36.8,17.8,22.4,13.8,9.2,0.0,0.000,0.0,0.0,0.0,0.0,0.0,0.0,0.0,0.0,66.452,68.490,,,133587
133629,Horizon Science Acad Cleveland,133629,Horizon Science Acad Cleveland,Cuyahoga,Region 3,6000 S Marginal Rd,"Cleveland, OH, 44103-1042",(216) 432-3660,Mehmet I. Gurbuz,61.711,51.4,D,0.0,35.4,35.4,22.9,5.8,0.5,0.0,0.000,0.0,0.0,0.0,0.0,0.0,0.0,0.0,0.0,58.420,87.561,,,133629
133660,Horizon Science Academy Columbus,133660,Horizon Science Academy Columbus,Franklin,Region 11,1070 Morse Rd,"Columbus, OH, 43229-6290",(614) 846-7616,Ugur Zengince,72.199,60.2,D,0.0,23.3,31.7,35.1,8.2,1.7,0.0,0.000,0.0,0.0,0.0,0.0,0.0,0.0,0.0,0.0,65.553,91.049,,,133660
133678,Riverside Academy,133678,Riverside Academy,Hamilton,Region 13,3280 River Rd,"Cincinnati, OH, 45204-1214",(513) 921-7777,Arnez D. Gray,60.185,50.2,D,1.4,39.7,29.1,21.7,6.0,2.1,0.0,0.000,0.0,0.0,0.0,0.0,0.0,0.0,0.0,0.0,52.828,58.374,,,133678
133736,Richard Allen Academy,133736,Richard Allen Academy,Montgomery,Region 10,184 Salem Ave,"Dayton, OH, 45406-5804",(937) 951-2800,Gabrielle P. Billingsley,60.760,50.6,D,0.0,38.0,33.3,22.8,4.7,1.2,0.0,0.000,0.0,0.0,0.0,0.0,0.0,0.0,0.0,0.0,53.481,75.359,,,133736
133819,Lincoln Preparatory Academy,133819,Lincoln Preparatory Academy,Cuyahoga,Region 3,4215 Robert Ave,"Cleveland, OH, 44109-1255",(216) 772-1336,Lisa L. Lyons,54.176,45.1,F,0.0,53.3,23.6,15.7,5.5,1.9,0.0,0.000,0.0,0.0,0.0,0.0,0.0,0.0,0.0,0.0,56.829,74.031,,,133819
133942,Toledo School For The Arts,133942,Toledo School For The Arts,Lucas,Region 1,333 14th St,"Toledo, OH, 43604-5459",(419) 246-8732,,92.464,77.1,C,0.7,7.9,15.5,38.1,26.6,11.1,0.1,113.750,94.8,0.0,0.0,0.0,18.8,25.0,56.3,0.0,88.360,98.068,,,133942
133959,Dayton Leadership Academies-Early Learning Academy,133959,Dayton Leadership Academies-Early Learning Academy,Montgomery,Region 10,1416 W Riverview Ave,"Dayton, OH, 45402-6217",(937) 567-9426,,NC,NC,NR,NC,NC,NC,NC,NC,NC,NC,NC,NC,NC,NC,NC,NC,NC,NC,NC,NC,NC,,,133959
134072,Youngstown Community School,134072,Youngstown Community School,Mahoning,Region 5,50 Essex St,"Youngstown, OH, 44502-1838",(330) 746-2240,Gregory M. Dobrowolski,78.782,65.7,D,0.0,21.1,24.9,26.6,20.1,7.4,0.0,NC,NC,0.0,0.0,0.0,25.0,33.3,41.7,0.0,73.414,81.294,,,134072
134098,Constellation Schools: Old Brooklyn Community Elementary,134098,Constellation Schools: Old Brooklyn Community Elementary,Cuyahoga,Region 3,4430 State Rd,"Cleveland, OH, 44109-4705",(216) 661-7888,Cherie Kaiser,94.903,79.1,C,0.0,10.7,11.7,28.9,26.9,21.4,0.3,0.000,0.0,0.0,0.0,0.0,0.0,0.0,0.0,0.0,87.767,95.828,,,134098
134122,Autism Model School,134122,Autism Model School,Lucas,Region 1,3020 Tremainsville Rd,"Toledo, OH, 43613-1901",(419) 897-4400,,66.333,55.3,D,0.0,41.3,19.3,20.7,7.3,11.3,0.0,NC,NC,0.0,0.0,100.0,0.0,0.0,0.0,0.0,63.333,69.048,,,134122
134148,Aurora Academy,134148,Aurora Academy,Lucas,Region 1,824 6th St,"Toledo, OH, 43605-1704",(419) 693-6841,,48.470,40.4,F,0.4,63.1,19.8,9.0,6.7,1.1,0.0,0.000,0.0,0.0,0.0,0.0,0.0,0.0,0.0,0.0,56.907,74.112,,,134148
134197,Green Inspiration Academy,134197,Green Inspiration Academy,Cuyahoga,Region 3,4265 Northfield Rd,"Highland Hills, OH, 44128-2811",(216) 378-9573,,55.376,46.1,F,0.0,48.5,29.0,15.0,6.1,1.4,0.0,0.000,0.0,0.0,0.0,0.0,0.0,0.0,0.0,0.0,54.858,60.923,,,134197
134213,Middlebury Academy,134213,Middlebury Academy,Summit,Region 8,88 Kent St,"Akron, OH, 44305-2544",(330) 752-2766,Alvin C. McDaniel,46.224,38.5,F,0.0,64.7,21.7,11.9,1.7,0.0,0.0,0.000,0.0,0.0,0.0,0.0,0.0,0.0,0.0,0.0,46.316,67.024,,,134213
134221,Colonial Prep Academy,134221,Colonial Prep Academy,Summit,Region 8,2199 5th St SW,"Akron, OH, 44314-2405",(330) 752-2792,Leeanna D. Simmons,56.535,47.1,F,0.0,48.3,26.5,18.1,4.7,2.4,0.0,0.000,0.0,0.0,0.0,0.0,0.0,0.0,0.0,0.0,46.546,69.924,,,134221
134247,City Day Community School,134247,City Day Community School,Montgomery,Region 10,320 S Main St,"Dayton, OH, 45402-2716",(937) 223-8130,Paula E. Leone,50.051,41.7,F,0.0,56.4,26.7,14.9,2.1,0.0,0.0,0.000,0.0,0.0,0.0,0.0,0.0,0.0,0.0,0.0,42.242,NC,,,134247
142943,Focus Learning Academy of Northern Columbus,123257,North Central Ohio ESC,Seneca,Region 11,1880 E Dublin Granville Rd,"Columbus, OH, 43229-3523",(614) 547-0920,Travis M. Budd,76.396,63.7,D,0.0,26.1,23.4,21.2,18.0,11.3,0.0,0.000,0.0,0.0,0.0,0.0,0.0,0.0,0.0,0.0,64.504,57.454,,,142943
142950,Ohio Virtual Academy,142950,Ohio Virtual Academy,Lucas,Region 1,1690 Woodlands Dr Ste 200,"Maumee, OH, 43537-4045",(877) 648-2512,,72.125,60.1,D,3.8,27.8,20.1,23.1,15.5,9.7,0.0,NC,NC,0.0,0.0,14.3,14.3,57.1,14.3,0.0,73.145,80.480,,,142950
142968,Hope Academy Northcoast,142968,Hope Academy Northcoast,Cuyahoga,Region 3,4310 E 71st St,"Cleveland, OH, 44105-5759",(216) 429-0232,Martin R. Ngom,47.967,40.0,F,0.2,61.4,23.6,10.4,3.3,1.2,0.0,0.000,0.0,0.0,0.0,0.0,0.0,0.0,0.0,0.0,50.972,50.381,,,142968
143172,International Acad Of Columbus,143172,International Acad Of Columbus,Franklin,Region 11,2439 Fuji Dr,"Columbus, OH, 43229-2847",(614) 794-0643,Mouhamed N. Tarazi,67.920,56.6,D,0.0,32.4,28.4,22.9,13.2,3.1,0.0,0.000,0.0,0.0,0.0,0.0,0.0,0.0,0.0,0.0,63.446,77.306,,,143172
143198,Great Western Academy,143198,Great Western Academy,Franklin,Region 11,310 N Wilson Rd,"Columbus, OH, 43204-6221",(614) 276-1028,Kathryn M. Kountz,72.218,60.2,D,0.1,29.7,23.5,27.1,13.9,5.7,0.0,0.000,0.0,0.0,0.0,0.0,0.0,0.0,0.0,0.0,68.140,76.514,,,143198
143206,Trotwood Fitness & Prep Acad,143206,Trotwood Fitness & Prep Acad,Montgomery,Region 10,3100 Shiloh Springs Rd,"Trotwood, OH, 45426-2247",(937) 854-4100,Caitlin E. Stevens,59.759,49.8,F,0.0,44.7,28.5,10.1,8.6,8.1,0.0,0.000,0.0,0.0,0.0,0.0,0.0,0.0,0.0,0.0,52.989,67.515,,,143206
143214,Middletown Fitness & Prep Acad,143214,Middletown Fitness & Prep Acad,Butler,Region 13,816 2nd Ave,"Middletown, OH, 45044-4201",(513) 424-6110,Eric J. Oliver,67.891,56.6,D,0.0,35.5,24.6,21.4,11.5,7.0,0.0,0.000,0.0,0.0,0.0,0.0,0.0,0.0,0.0,0.0,69.625,78.119,,,143214
143297,The Autism Academy Of Learning,143297,The Autism Academy Of Learning,Lucas,Region 1,110 Arco Dr,"Toledo, OH, 43607-2960",(419) 865-7487,James Jones,57.353,47.8,F,0.0,41.2,35.3,20.6,2.9,0.0,0.0,0.000,0.0,0.0,0.0,0.0,0.0,0.0,0.0,0.0,NC,NC,,,143297
143313,West Preparatory Academy,143313,West Preparatory Academy,Cuyahoga,Region 3,13111 Crossburn Ave,"Cleveland, OH, 44135-5017",(216) 772-1340,Jennifer E. Heyman,53.165,44.3,F,0.0,53.5,25.5,14.0,5.9,1.1,0.0,0.000,0.0,0.0,0.0,0.0,0.0,0.0,0.0,0.0,53.047,66.739,,,143313
143396,Alternative Education Academy,143396,Alternative Education Academy,Lucas,Region 1,1830 Adams St,"Toledo, OH, 43624-1428",(330) 253-8680,Dominic P. Donatelli,63.785,53.2,D,0.8,39.2,24.4,21.1,10.8,3.7,0.0,NC,NC,0.0,0.0,0.0,25.0,50.0,25.0,0.0,60.562,60.930,,,143396
143479,Constellation Schools: Puritas Community Elementary,143479,Constellation Schools: Puritas Community Elementary,Cuyahoga,Region 3,15204 Puritas Ave,"Cleveland, OH, 44135-2716",(216) 688-0680,Margaret M. Colwell,90.677,75.6,C,0.0,10.9,17.7,30.2,28.1,13.0,0.0,0.000,0.0,0.0,0.0,0.0,0.0,0.0,0.0,0.0,79.612,94.655,,,143479
143487,Constellation Schools: Stockyard Community Elementary,143487,Constellation Schools: Stockyard Community Elementary,Cuyahoga,Region 3,3200 W 65th St,"Cleveland, OH, 44102-5510",(216) 651-5143,Amber J. Steele,66.791,55.7,D,0.0,36.6,25.6,19.4,10.4,8.0,0.0,0.000,0.0,0.0,0.0,0.0,0.0,0.0,0.0,0.0,67.295,72.170,,,143487
143529,North Dayton School Of Science & Discovery,143529,North Dayton School Of Science & Discovery,Montgomery,Region 10,3901 Turner Rd,"Dayton, OH, 45415-3654",(937) 278-6671,Renaldo L. O'Neal,55.897,46.6,F,0.0,49.8,26.0,15.5,6.2,2.6,0.0,0.000,0.0,0.0,0.0,0.0,0.0,0.0,0.0,0.0,56.978,65.388,,,143529
143537,Virtual Community School Of Ohio,143537,Virtual Community School Of Ohio,Franklin,Region 11,6954 Americana Pkwy Ste B,"Reynoldsburg, OH, 43068-9707",(614) 501-9473,,63.859,53.2,D,0.0,39.3,25.7,20.8,12.0,2.2,0.0,0.000,0.0,0.0,0.0,0.0,0.0,0.0,0.0,0.0,60.285,53.735,,,143537
143552,Eagle Academy,143552,Eagle Academy,Lucas,Region 1,1430 Idaho St,"Toledo, OH, 43605-2743",(419) 697-2760,,43.281,36.1,F,2.2,67.5,18.9,8.8,1.9,0.6,0.0,0.000,0.0,0.0,0.0,0.0,0.0,0.0,0.0,0.0,46.500,59.564,,,143552
143560,Richard Allen Academy II,143560,Richard Allen Academy II,Montgomery,Region 10,184 Salem Ave,"Dayton, OH, 45406-5804",(937) 951-2800,Gabrielle P. Billingsley,64.103,53.4,D,0.0,37.4,28.9,19.6,9.9,4.2,0.0,0.000,0.0,0.0,0.0,0.0,0.0,0.0,0.0,0.0,65.883,76.932,,,143560
143578,Richard Allen Academy III,143578,Richard Allen Academy III,Butler,Region 10,1206 Shuler Ave,"Hamilton, OH, 45011-4566",(513) 795-6549,ERIN A. RAMSEY,72.044,60.0,D,0.0,29.3,24.9,26.5,13.8,5.5,0.0,0.000,0.0,0.0,0.0,0.0,0.0,0.0,0.0,0.0,67.833,77.448,,,143578
143602,Hamilton Cnty Math & Science,143602,Hamilton Cnty Math & Science,Hamilton,Region 13,2675 Civic Center Dr,"Cincinnati, OH, 45231-1311",(513) 728-8620,Dwan Moore,80.746,67.3,D,0.0,20.5,22.2,28.6,17.3,11.3,0.0,0.000,0.0,0.0,0.0,0.0,0.0,0.0,0.0,0.0,76.972,88.067,,,143602
143610,Arts & College Preparatory Academy,143610,Arts & College Preparatory Academy,Franklin,Region 11,4401 Hilton Corporate Dr,"Columbus, OH, 43232-4161",(614) 986-9974,Anthony J. Gatto,86.852,72.4,C,0.0,11.4,23.4,35.4,17.5,12.3,0.0,0.000,0.0,0.0,0.0,0.0,0.0,0.0,0.0,0.0,87.049,102.406,,,143610
143644,Sciotoville,143644,Sciotoville,Scioto,Region 15,224 Marshall St,"Portsmouth, OH, 45662-5549",(740) 776-6777,James N. Mahlmeister,73.276,61.1,D,0.0,26.5,26.5,28.2,13.1,5.6,0.0,0.000,0.0,0.0,0.0,0.0,0.0,0.0,0.0,0.0,65.621,74.280,,,143644
148916,Marion City Digital Academy,044339,Marion City,Marion,Region 7,360 Pennsylvania Ave,"Marion, OH, 43302-5530",(740) 223-4417,Richard J. Fogle,44.718,37.3,F,2.1,65.6,19.5,8.7,3.1,1.0,0.0,NC,NC,0.0,0.0,0.0,25.0,25.0,50.0,0.0,NC,NC,,,148916
149062,Urbana Community School,044941,Urbana City,Champaign,Region 6,711 Wood St,"Urbana, OH, 43078-1498",(937) 653-1402,Larry Nickels,56.111,46.8,F,0.0,47.2,27.8,22.2,2.8,0.0,0.0,0.000,0.0,0.0,0.0,0.0,0.0,0.0,0.0,0.0,NC,NC,,,149062
151035,Pleasant Community Digital,048421,Pleasant Local,Marion,Region 7,1107 Owens Rd W,"Marion, OH, 43302-8421",(740) 389-4476,,NC,NC,NR,NC,NC,NC,NC,NC,NC,NC,NC,NC,NC,NC,NC,NC,NC,NC,NC,NC,NC,,,151035
151142,Lorain K-12 Digital Academy,044263,Lorain City,Franklin,Region 2,401 Broadway Ave Suite 101,"Lorain, OH, 44052",(440) 204-1095,Karen W. Mahan,61.600,51.3,D,0.0,34.0,38.0,24.0,2.0,2.0,0.0,0.000,0.0,0.0,0.0,0.0,0.0,0.0,0.0,0.0,59.492,62.951,,,151142
151167,Ridgedale Community School,048439,Ridgedale Local,Marion,Region 7,3103 Hillman Ford Rd,"Morral, OH, 43337-9302",(740) 382-6065,,50.909,42.4,F,0.0,54.5,27.3,18.2,0.0,0.0,0.0,NC,NC,0.0,0.0,100.0,0.0,0.0,0.0,0.0,53.000,63.400,,,151167
151175,West Central Learning Academy II,151175,West Central Learning Academy II,Allen,Region 6,522 W North St,"Lima, OH, 45801-4215",(419) 227-9252,,55.882,46.6,F,0.0,48.5,27.9,14.7,7.4,1.5,0.0,0.000,0.0,0.0,0.0,0.0,0.0,0.0,0.0,0.0,57.500,78.929,,,151175
